avg,max
0.00921010971069336,0.00921010971069336
0.011663198471069336,0.011663198471069336
0.011583805084228516,0.011583805084228516
0.008759498596191406,0.008759498596191406
0.00858163833618164,0.00858163833618164
0.011085271835327148,0.011085271835327148
0.01159811019897461,0.01159811019897461
0.010030031204223633,0.010030031204223633
0.01146554946899414,0.01146554946899414
0.01158452033996582,0.01158452033996582
0.009484291076660156,0.009484291076660156
0.012968063354492188,0.012968063354492188
0.008917808532714844,0.008917808532714844
0.011303186416625977,0.011303186416625977
0.008773565292358398,0.008773565292358398
0.011010169982910156,0.011010169982910156
0.00892186164855957,0.00892186164855957
0.008632898330688477,0.008632898330688477
0.011721372604370117,0.011721372604370117
0.011464118957519531,0.011464118957519531
0.009009838104248047,0.009009838104248047
0.008878469467163086,0.008878469467163086
0.008626937866210938,0.008626937866210938
0.008527517318725586,0.008527517318725586
0.011863231658935547,0.011863231658935547
0.011819124221801758,0.011819124221801758
0.011694669723510742,0.011694669723510742
0.011595964431762695,0.011595964431762695
0.008672475814819336,0.008672475814819336
0.01309657096862793,0.01309657096862793
0.009241342544555664,0.009241342544555664
0.011529684066772461,0.011529684066772461
0.008642196655273438,0.008642196655273438
0.008735895156860352,0.008735895156860352
0.008580923080444336,0.008580923080444336
0.008739233016967773,0.008739233016967773
0.01174306869506836,0.01174306869506836
0.008742094039916992,0.008742094039916992
0.01141214370727539,0.01141214370727539
0.011438131332397461,0.011438131332397461
0.011740684509277344,0.011740684509277344
0.011593103408813477,0.011593103408813477
0.010806083679199219,0.010806083679199219
0.008749246597290039,0.008749246597290039
0.011523723602294922,0.011523723602294922
0.011150836944580078,0.011150836944580078
0.011747360229492188,0.011747360229492188
0.00889730453491211,0.00889730453491211
0.00878143310546875,0.00878143310546875
0.008711814880371094,0.008711814880371094
0.009260177612304688,0.009260177612304688
0.008799552917480469,0.008799552917480469
0.008869409561157227,0.008869409561157227
0.011417150497436523,0.011417150497436523
0.011455774307250977,0.011455774307250977
0.008779764175415039,0.008779764175415039
0.008783340454101562,0.008783340454101562
0.008728742599487305,0.008728742599487305
0.011579513549804688,0.011579513549804688
0.009897470474243164,0.009897470474243164
0.00910329818725586,0.00910329818725586
0.011458158493041992,0.011458158493041992
0.011366605758666992,0.011366605758666992
0.008551836013793945,0.008551836013793945
0.011287212371826172,0.011287212371826172
0.011471271514892578,0.011471271514892578
0.011499166488647461,0.011499166488647461
0.009028196334838867,0.009028196334838867
0.01139211654663086,0.01139211654663086
0.008739948272705078,0.008739948272705078
0.00882267951965332,0.00882267951965332
0.008888959884643555,0.008888959884643555
0.008593082427978516,0.008593082427978516
0.008723258972167969,0.008723258972167969
0.008700132369995117,0.008700132369995117
0.009311914443969727,0.009311914443969727
0.009667158126831055,0.009667158126831055
0.008663654327392578,0.008663654327392578
0.008717536926269531,0.008717536926269531
0.00864410400390625,0.00864410400390625
0.008621692657470703,0.008621692657470703
0.0113372802734375,0.0113372802734375
0.011518478393554688,0.011518478393554688
0.01130986213684082,0.01130986213684082
0.008944511413574219,0.008944511413574219
0.008748292922973633,0.008748292922973633
0.011542081832885742,0.011542081832885742
0.011489152908325195,0.011489152908325195
0.008553028106689453,0.008553028106689453
0.011454343795776367,0.011454343795776367
0.00861811637878418,0.00861811637878418
0.008939504623413086,0.008939504623413086
0.011527776718139648,0.011527776718139648
0.011316061019897461,0.011316061019897461
0.008695125579833984,0.008695125579833984
0.00889277458190918,0.00889277458190918
0.011559724807739258,0.011559724807739258
0.008671998977661133,0.008671998977661133
0.008581876754760742,0.008581876754760742
0.011513948440551758,0.011513948440551758
0.008711099624633789,0.008711099624633789
0.0113983154296875,0.0113983154296875
0.008921384811401367,0.008921384811401367
0.009263038635253906,0.009263038635253906
0.011487722396850586,0.011487722396850586
0.01121830940246582,0.01121830940246582
0.012440204620361328,0.012440204620361328
0.008870840072631836,0.008870840072631836
0.01139688491821289,0.01139688491821289
0.01141810417175293,0.01141810417175293
0.011230945587158203,0.011230945587158203
0.011487007141113281,0.011487007141113281
0.01138758659362793,0.01138758659362793
0.011532068252563477,0.011532068252563477
0.011320352554321289,0.011320352554321289
0.011132240295410156,0.011132240295410156
0.010859012603759766,0.010859012603759766
0.011569023132324219,0.011569023132324219
0.011135578155517578,0.011135578155517578
0.011488914489746094,0.011488914489746094
0.01126408576965332,0.01126408576965332
0.012067317962646484,0.012067317962646484
0.009331226348876953,0.009331226348876953
0.012544393539428711,0.012544393539428711
0.011722564697265625,0.011722564697265625
0.01173853874206543,0.01173853874206543
0.012515544891357422,0.012515544891357422
0.011556386947631836,0.011556386947631836
0.011361122131347656,0.011361122131347656
0.011287212371826172,0.011287212371826172
0.01109623908996582,0.01109623908996582
0.011551618576049805,0.011551618576049805
0.011357307434082031,0.011357307434082031
0.011449813842773438,0.011449813842773438
0.011345863342285156,0.011345863342285156
0.010728597640991211,0.010728597640991211
0.011455297470092773,0.011455297470092773
0.011395454406738281,0.011395454406738281
0.011346101760864258,0.011346101760864258
0.016202211380004883,0.016202211380004883
0.01138615608215332,0.01138615608215332
0.011681795120239258,0.011681795120239258
0.008703231811523438,0.008703231811523438
0.011426448822021484,0.011426448822021484
0.011582374572753906,0.011582374572753906
0.01147913932800293,0.01147913932800293
0.008912086486816406,0.008912086486816406
0.008532047271728516,0.008532047271728516
0.008803844451904297,0.008803844451904297
0.011638402938842773,0.011638402938842773
0.011477470397949219,0.011477470397949219
0.011270523071289062,0.011270523071289062
0.011332988739013672,0.011332988739013672
0.008646726608276367,0.008646726608276367
0.011636972427368164,0.011636972427368164
0.008870840072631836,0.008870840072631836
0.011744260787963867,0.011744260787963867
0.008844852447509766,0.008844852447509766
0.011821508407592773,0.011821508407592773
0.011345624923706055,0.011345624923706055
0.011638402938842773,0.011638402938842773
0.011432409286499023,0.011432409286499023
0.012073516845703125,0.012073516845703125
0.00882101058959961,0.00882101058959961
0.010834932327270508,0.010834932327270508
0.01139211654663086,0.01139211654663086
0.011313676834106445,0.011313676834106445
0.011321544647216797,0.011321544647216797
0.009074211120605469,0.009074211120605469
0.009362459182739258,0.009362459182739258
0.009732484817504883,0.009732484817504883
0.012122392654418945,0.012122392654418945
0.011998891830444336,0.011998891830444336
0.00914621353149414,0.00914621353149414
0.010540008544921875,0.010540008544921875
0.00865936279296875,0.00865936279296875
0.01166534423828125,0.01166534423828125
0.011487960815429688,0.011487960815429688
0.011489152908325195,0.011489152908325195
0.011913776397705078,0.011913776397705078
0.008772134780883789,0.008772134780883789
0.011380434036254883,0.011380434036254883
0.011317729949951172,0.011317729949951172
0.011492490768432617,0.011492490768432617
0.011507749557495117,0.011507749557495117
0.011237382888793945,0.011237382888793945
0.011331319808959961,0.011331319808959961
0.011307001113891602,0.011307001113891602
0.011202812194824219,0.011202812194824219
0.011406898498535156,0.011406898498535156
0.011453628540039062,0.011453628540039062
0.01154327392578125,0.01154327392578125
0.011496782302856445,0.011496782302856445
0.011007547378540039,0.011007547378540039
0.011586904525756836,0.011586904525756836
0.01121068000793457,0.01121068000793457
0.011360645294189453,0.011360645294189453
0.011205196380615234,0.011205196380615234
0.01019597053527832,0.01019597053527832
0.011238813400268555,0.011238813400268555
0.01130986213684082,0.01130986213684082
0.011423110961914062,0.011423110961914062
0.01132965087890625,0.01132965087890625
0.011915922164916992,0.011915922164916992
0.01165771484375,0.01165771484375
0.008934259414672852,0.008934259414672852
0.011538267135620117,0.011538267135620117
0.008613348007202148,0.008613348007202148
0.008873224258422852,0.008873224258422852
0.011509180068969727,0.011509180068969727
0.009266853332519531,0.009266853332519531
0.009196281433105469,0.009196281433105469
0.01182413101196289,0.01182413101196289
0.00899362564086914,0.00899362564086914
0.008610963821411133,0.008610963821411133
0.011322021484375,0.011322021484375
0.011339426040649414,0.011339426040649414
0.009765148162841797,0.009765148162841797
0.00907754898071289,0.00907754898071289
0.011419534683227539,0.011419534683227539
0.011286735534667969,0.011286735534667969
0.011431217193603516,0.011431217193603516
0.011731386184692383,0.011731386184692383
0.01152181625366211,0.01152181625366211
0.011338472366333008,0.011338472366333008
0.011296510696411133,0.011296510696411133
0.011576652526855469,0.011576652526855469
0.009318351745605469,0.009318351745605469
0.011493682861328125,0.011493682861328125
0.008696556091308594,0.008696556091308594
0.00892019271850586,0.00892019271850586
0.008759498596191406,0.008759498596191406
0.008800506591796875,0.008800506591796875
0.009099245071411133,0.009099245071411133
0.010455608367919922,0.010455608367919922
0.008939266204833984,0.008939266204833984
0.01101064682006836,0.01101064682006836
0.016768217086791992,0.016768217086791992
0.021137475967407227,0.021137475967407227
0.014856338500976562,0.014856338500976562
0.011219263076782227,0.011219263076782227
0.009293556213378906,0.009293556213378906
0.009050846099853516,0.009050846099853516
0.008638620376586914,0.008638620376586914
0.008602380752563477,0.008602380752563477
0.008619546890258789,0.008619546890258789
0.008516073226928711,0.008516073226928711
0.008713722229003906,0.008713722229003906
0.01162862777709961,0.01162862777709961
0.012021064758300781,0.012021064758300781
0.008662700653076172,0.008662700653076172
0.008937597274780273,0.008937597274780273
0.00879049301147461,0.00879049301147461
0.00877070426940918,0.00877070426940918
0.009279012680053711,0.009279012680053711
0.008791446685791016,0.008791446685791016
0.00879812240600586,0.00879812240600586
0.008693218231201172,0.008693218231201172
0.008924007415771484,0.008924007415771484
0.009244918823242188,0.009244918823242188
0.01178884506225586,0.01178884506225586
0.008729219436645508,0.008729219436645508
0.00859689712524414,0.00859689712524414
0.011773824691772461,0.011773824691772461
0.011344194412231445,0.011344194412231445
0.011342525482177734,0.011342525482177734
0.008795499801635742,0.008795499801635742
0.008903264999389648,0.008903264999389648
0.01201009750366211,0.01201009750366211
0.011451482772827148,0.011451482772827148
0.011263608932495117,0.011263608932495117
0.011589527130126953,0.011589527130126953
0.011345148086547852,0.011345148086547852
0.00905466079711914,0.00905466079711914
0.008671283721923828,0.008671283721923828
0.011295557022094727,0.011295557022094727
0.011343717575073242,0.011343717575073242
0.00861978530883789,0.00861978530883789
0.011470794677734375,0.011470794677734375
0.011206388473510742,0.011206388473510742
0.008620023727416992,0.008620023727416992
0.011459589004516602,0.011459589004516602
0.009070158004760742,0.009070158004760742
0.011411428451538086,0.011411428451538086
0.011360645294189453,0.011360645294189453
0.011359453201293945,0.011359453201293945
0.011425018310546875,0.011425018310546875
0.011404991149902344,0.011404991149902344
0.011504173278808594,0.011504173278808594
0.008835315704345703,0.008835315704345703
0.008684873580932617,0.008684873580932617
0.009002208709716797,0.009002208709716797
0.008793115615844727,0.008793115615844727
0.011398553848266602,0.011398553848266602
0.008769035339355469,0.008769035339355469
0.008605718612670898,0.008605718612670898
0.011563539505004883,0.011563539505004883
0.01138448715209961,0.01138448715209961
0.008822917938232422,0.008822917938232422
0.008899688720703125,0.008899688720703125
0.012363672256469727,0.012363672256469727
0.011637449264526367,0.011637449264526367
0.009185075759887695,0.009185075759887695
0.008730411529541016,0.008730411529541016
0.008723020553588867,0.008723020553588867
0.008507966995239258,0.008507966995239258
0.013185977935791016,0.013185977935791016
0.011302709579467773,0.011302709579467773
0.009107351303100586,0.009107351303100586
0.00878763198852539,0.00878763198852539
0.008620500564575195,0.008620500564575195
0.009313583374023438,0.009313583374023438
0.00870966911315918,0.00870966911315918
0.010761022567749023,0.010761022567749023
0.00868844985961914,0.00868844985961914
0.011538505554199219,0.011538505554199219
0.011465072631835938,0.011465072631835938
0.008704662322998047,0.008704662322998047
0.009908199310302734,0.009908199310302734
0.008627176284790039,0.008627176284790039
0.008621692657470703,0.008621692657470703
0.008651256561279297,0.008651256561279297
0.008798360824584961,0.008798360824584961
0.008646488189697266,0.008646488189697266
0.0092315673828125,0.0092315673828125
0.008611440658569336,0.008611440658569336
0.011322975158691406,0.011322975158691406
0.011902809143066406,0.011902809143066406
0.008579015731811523,0.008579015731811523
0.008698701858520508,0.008698701858520508
0.008655786514282227,0.008655786514282227
0.008575916290283203,0.008575916290283203
0.008852958679199219,0.008852958679199219
0.009419441223144531,0.009419441223144531
0.009326457977294922,0.009326457977294922
0.008772850036621094,0.008772850036621094
0.008549928665161133,0.008549928665161133
0.00881195068359375,0.00881195068359375
0.009140729904174805,0.009140729904174805
0.01080322265625,0.01080322265625
0.016201257705688477,0.016201257705688477
0.008791923522949219,0.008791923522949219
0.008771181106567383,0.008771181106567383
0.011420965194702148,0.011420965194702148
0.009007930755615234,0.009007930755615234
0.011375904083251953,0.011375904083251953
0.011308908462524414,0.011308908462524414
0.012321233749389648,0.012321233749389648
0.009015083312988281,0.009015083312988281
0.009007453918457031,0.009007453918457031
0.012185335159301758,0.012185335159301758
0.008700370788574219,0.008700370788574219
0.008855342864990234,0.008855342864990234
0.008779287338256836,0.008779287338256836
0.009206295013427734,0.009206295013427734
0.008741378784179688,0.008741378784179688
0.011295557022094727,0.011295557022094727
0.008842706680297852,0.008842706680297852
0.009281158447265625,0.009281158447265625
0.00887441635131836,0.00887441635131836
0.011623859405517578,0.011623859405517578
0.00852656364440918,0.00852656364440918
0.00914621353149414,0.00914621353149414
0.01209115982055664,0.01209115982055664
0.011762142181396484,0.011762142181396484
0.011574983596801758,0.011574983596801758
0.008758544921875,0.008758544921875
0.008677244186401367,0.008677244186401367
0.008838891983032227,0.008838891983032227
0.011363983154296875,0.011363983154296875
0.008905887603759766,0.008905887603759766
0.008511781692504883,0.008511781692504883
0.011655569076538086,0.011655569076538086
0.008722305297851562,0.008722305297851562
0.008612632751464844,0.008612632751464844
0.011492729187011719,0.011492729187011719
0.008545875549316406,0.008545875549316406
0.008687019348144531,0.008687019348144531
0.008537769317626953,0.008537769317626953
0.008685111999511719,0.008685111999511719
0.011760234832763672,0.011760234832763672
0.011284828186035156,0.011284828186035156
0.008974075317382812,0.008974075317382812
0.011419534683227539,0.011419534683227539
0.011157512664794922,0.011157512664794922
0.011587858200073242,0.011587858200073242
0.011474370956420898,0.011474370956420898
0.008599281311035156,0.008599281311035156
0.008822917938232422,0.008822917938232422
0.011331319808959961,0.011331319808959961
0.012711524963378906,0.012711524963378906
0.008599996566772461,0.008599996566772461
0.00875544548034668,0.00875544548034668
0.011441707611083984,0.011441707611083984
0.01138448715209961,0.01138448715209961
0.011389017105102539,0.011389017105102539
0.011442899703979492,0.011442899703979492
0.008622169494628906,0.008622169494628906
0.01125788688659668,0.01125788688659668
0.00893402099609375,0.00893402099609375
0.011849641799926758,0.011849641799926758
0.013511180877685547,0.013511180877685547
0.011346101760864258,0.011346101760864258
0.01141357421875,0.01141357421875
0.011368274688720703,0.011368274688720703
0.011536359786987305,0.011536359786987305
0.009027719497680664,0.009027719497680664
0.011347770690917969,0.011347770690917969
0.011286735534667969,0.011286735534667969
0.010797739028930664,0.010797739028930664
0.00895833969116211,0.00895833969116211
0.008582115173339844,0.008582115173339844
0.008796453475952148,0.008796453475952148
0.01163482666015625,0.01163482666015625
0.011508464813232422,0.011508464813232422
0.008718729019165039,0.008718729019165039
0.008700847625732422,0.008700847625732422
0.0091705322265625,0.0091705322265625
0.00902247428894043,0.00902247428894043
0.008593082427978516,0.008593082427978516
0.011464357376098633,0.011464357376098633
0.008731365203857422,0.008731365203857422
0.011326789855957031,0.011326789855957031
0.011630535125732422,0.011630535125732422
0.008792638778686523,0.008792638778686523
0.00881505012512207,0.00881505012512207
0.01137232780456543,0.01137232780456543
0.011180877685546875,0.011180877685546875
0.011323213577270508,0.011323213577270508
0.011176347732543945,0.011176347732543945
0.00926351547241211,0.00926351547241211
0.013541460037231445,0.013541460037231445
0.00872802734375,0.00872802734375
0.011239767074584961,0.011239767074584961
0.011397361755371094,0.011397361755371094
0.008817911148071289,0.008817911148071289
0.01153707504272461,0.01153707504272461
0.00862741470336914,0.00862741470336914
0.008803844451904297,0.008803844451904297
0.01245570182800293,0.01245570182800293
0.011452436447143555,0.011452436447143555
0.012282371520996094,0.012282371520996094
0.011268377304077148,0.011268377304077148
0.011493444442749023,0.011493444442749023
0.009402751922607422,0.009402751922607422
0.008810997009277344,0.008810997009277344
0.008636236190795898,0.008636236190795898
0.008730173110961914,0.008730173110961914
0.008807897567749023,0.008807897567749023
0.008694171905517578,0.008694171905517578
0.008751869201660156,0.008751869201660156
0.00861668586730957,0.00861668586730957
0.008814096450805664,0.008814096450805664
0.008690834045410156,0.008690834045410156
0.008749961853027344,0.008749961853027344
0.00901484489440918,0.00901484489440918
0.012865543365478516,0.012865543365478516
0.008809089660644531,0.008809089660644531
0.009075641632080078,0.009075641632080078
0.011550664901733398,0.011550664901733398
0.011708259582519531,0.011708259582519531
0.01124119758605957,0.01124119758605957
0.011523962020874023,0.011523962020874023
0.011486053466796875,0.011486053466796875
0.01144099235534668,0.01144099235534668
0.011412858963012695,0.011412858963012695
0.01134943962097168,0.01134943962097168
0.011387348175048828,0.011387348175048828
0.008614540100097656,0.008614540100097656
0.008704900741577148,0.008704900741577148
0.011288642883300781,0.011288642883300781
0.008708477020263672,0.008708477020263672
0.008812665939331055,0.008812665939331055
0.008621931076049805,0.008621931076049805
0.008571863174438477,0.008571863174438477
0.00890660285949707,0.00890660285949707
0.008760929107666016,0.008760929107666016
0.008689641952514648,0.008689641952514648
0.009010791778564453,0.009010791778564453
0.00880289077758789,0.00880289077758789
0.008950948715209961,0.008950948715209961
0.008601188659667969,0.008601188659667969
0.008705854415893555,0.008705854415893555
0.011422872543334961,0.011422872543334961
0.008598804473876953,0.008598804473876953
0.008704900741577148,0.008704900741577148
0.008661031723022461,0.008661031723022461
0.008766412734985352,0.008766412734985352
0.00872945785522461,0.00872945785522461
0.013193607330322266,0.013193607330322266
0.008686542510986328,0.008686542510986328
0.008803129196166992,0.008803129196166992
0.008974790573120117,0.008974790573120117
0.00862741470336914,0.00862741470336914
0.009946107864379883,0.009946107864379883
0.011461734771728516,0.011461734771728516
0.009054422378540039,0.009054422378540039
0.01158905029296875,0.01158905029296875
0.009664535522460938,0.009664535522460938
0.00889277458190918,0.00889277458190918
0.030571866035461425,0.0421445369720459
0.033361196517944336,0.04624772071838379
0.02687366008758545,0.035434722900390625
0.03174633979797363,0.039164066314697266
0.026614689826965333,0.031722068786621094
0.029790258407592772,0.045226097106933594
0.03437521457672119,0.050215721130371094
0.03695025444030762,0.04723477363586426
0.030178213119506837,0.0398411750793457
0.03264493942260742,0.04144406318664551
0.029995036125183106,0.03846597671508789
0.034723210334777835,0.04492688179016113
0.029297423362731934,0.036330461502075195
0.025517821311950684,0.031579017639160156
0.02937169075012207,0.0371851921081543
0.03359992504119873,0.04216766357421875
0.03147656917572021,0.042400360107421875
0.030527734756469728,0.038668155670166016
0.03475103378295898,0.05095410346984863
0.03226947784423828,0.04084658622741699
0.03347423076629639,0.04514145851135254
0.03339321613311767,0.0419001579284668
0.030996203422546387,0.03876781463623047
0.03157894611358643,0.04440736770629883
0.030012798309326173,0.043599843978881836
0.029681682586669922,0.03756284713745117
0.03286161422729492,0.042263031005859375
0.032410407066345216,0.04644370079040527
0.035726165771484374,0.049280643463134766
0.02971341609954834,0.03476452827453613
0.039705443382263186,0.06600785255432129
0.029214644432067872,0.04261064529418945
0.03628566265106201,0.047998905181884766
0.0291853666305542,0.037224531173706055
0.03151037693023682,0.042609453201293945
0.03633706569671631,0.04823946952819824
0.03742988109588623,0.052922964096069336
0.038032245635986325,0.0615839958190918
0.03149545192718506,0.039164066314697266
0.03017404079437256,0.04046821594238281
0.030663037300109865,0.03757476806640625
0.02963228225708008,0.04243874549865723
0.03365035057067871,0.044692039489746094
0.031977605819702146,0.04217171669006348
0.03500053882598877,0.05091047286987305
0.0345911979675293,0.05039358139038086
0.03566374778747559,0.05463457107543945
0.036435055732727054,0.05168890953063965
0.03826084136962891,0.05250835418701172
0.030605220794677736,0.03759574890136719
0.027600693702697753,0.03940296173095703
0.030570316314697265,0.04238629341125488
0.02937803268432617,0.03612565994262695
0.031166911125183105,0.04081535339355469
0.032428622245788574,0.046242713928222656
0.029415154457092287,0.03735542297363281
0.029268479347229003,0.037630319595336914
0.03235857486724854,0.04251885414123535
0.029689311981201172,0.03852200508117676
0.029306983947753905,0.037984609603881836
0.03873345851898193,0.05761075019836426
0.0324286937713623,0.04270195960998535
0.03109583854675293,0.04101967811584473
0.03506503105163574,0.05199480056762695
0.034688782691955564,0.04892921447753906
0.03910207748413086,0.05988645553588867
0.032585668563842776,0.04201936721801758
0.03117191791534424,0.04066014289855957
0.029443907737731933,0.038587093353271484
0.02523925304412842,0.032594919204711914
0.03361165523529053,0.04452705383300781
0.028289794921875,0.03480124473571777
0.03706789016723633,0.054061174392700195
0.03359575271606445,0.04317760467529297
0.028159427642822265,0.03721261024475098
0.03528010845184326,0.047910451889038086
0.032314491271972653,0.04198646545410156
0.03810818195343017,0.05124020576477051
0.02582521438598633,0.032390594482421875
0.03198845386505127,0.04285240173339844
0.03515195846557617,0.04587841033935547
0.03719947338104248,0.050063371658325195
0.03450853824615478,0.0455324649810791
0.034791064262390134,0.04573941230773926
0.030854678153991698,0.04090404510498047
0.03132781982421875,0.04158949851989746
0.03503432273864746,0.05153846740722656
0.0377845287322998,0.05386948585510254
0.030103397369384766,0.044486284255981445
0.029183626174926758,0.03566288948059082
0.03616652488708496,0.05116915702819824
0.029867792129516603,0.03679180145263672
0.03197932243347168,0.04302239418029785
0.032067084312438966,0.04262685775756836
0.033875036239624026,0.045888662338256836
0.031218671798706056,0.04321122169494629
0.03367440700531006,0.044788360595703125
0.03450057506561279,0.05448484420776367
0.030153274536132812,0.035979509353637695
0.030078721046447755,0.04069685935974121
0.029867386817932128,0.04015302658081055
0.02921621799468994,0.03679847717285156
0.03523774147033691,0.04741525650024414
0.029346394538879394,0.03733992576599121
0.033071160316467285,0.044677019119262695
0.03415467739105225,0.04830765724182129
0.03799436092376709,0.057128190994262695
0.03154134750366211,0.040953636169433594
0.03469874858856201,0.05142974853515625
0.031729722023010255,0.044199466705322266
0.03356094360351562,0.05242800712585449
0.034254932403564455,0.04854631423950195
0.03694922924041748,0.04697370529174805
0.027991652488708496,0.03376483917236328
0.028760504722595216,0.03492116928100586
0.027919363975524903,0.03528118133544922
0.028003716468811037,0.035175323486328125
0.040050077438354495,0.05584216117858887
0.03634366989135742,0.053855180740356445
0.03669486045837402,0.04972386360168457
0.03219659328460693,0.042500972747802734
0.03271238803863526,0.041695356369018555
0.03461356163024902,0.05728602409362793
0.03561434745788574,0.04851031303405762
0.03756682872772217,0.049755096435546875
0.029602766036987305,0.03476238250732422
0.033230018615722653,0.047189950942993164
0.031721854209899904,0.04202628135681152
0.03002884387969971,0.03842878341674805
0.03323328495025635,0.039592742919921875
0.03614919185638428,0.048529863357543945
0.03634543418884277,0.04889082908630371
0.03737025260925293,0.05246877670288086
0.024334430694580078,0.03653836250305176
0.030048775672912597,0.037450551986694336
0.030683469772338868,0.036347150802612305
0.03065049648284912,0.04096364974975586
0.02910349369049072,0.04506325721740723
0.029721450805664063,0.03864717483520508
0.0312244176864624,0.04003739356994629
0.03094449043273926,0.0457305908203125
0.03291299343109131,0.054550886154174805
0.03018980026245117,0.035959482192993164
0.03200809955596924,0.04757428169250488
0.03362700939178467,0.04783296585083008
0.03315501213073731,0.04454326629638672
0.033354330062866214,0.0427250862121582
0.03261265754699707,0.042029380798339844
0.03114950656890869,0.04130864143371582
0.030614757537841798,0.038176536560058594
0.031673645973205565,0.04007220268249512
0.0322685956954956,0.040677547454833984
0.0331171989440918,0.04436206817626953
0.03470103740692139,0.04534339904785156
0.030950021743774415,0.045564889907836914
0.03516244888305664,0.049021244049072266
0.03946082592010498,0.05454277992248535
0.030536818504333495,0.03723931312561035
0.0341566801071167,0.04816842079162598
0.02987356185913086,0.03809475898742676
0.038074302673339847,0.05283212661743164
0.039438295364379886,0.05639147758483887
0.02940943241119385,0.039586782455444336
0.03084743022918701,0.046346426010131836
0.034154725074768064,0.04789471626281738
0.03689703941345215,0.05041980743408203
0.03587265014648437,0.04905271530151367
0.02734675407409668,0.03597855567932129
0.032262754440307614,0.04451274871826172
0.030873918533325197,0.037412166595458984
0.03624658584594727,0.05126380920410156
0.04625272750854492,0.0718686580657959
0.04045252799987793,0.05632591247558594
0.039829564094543454,0.05663490295410156
0.03947427272796631,0.055556535720825195
0.033428072929382324,0.05138111114501953
0.029616022109985353,0.038457393646240234
0.03066751956939697,0.046202659606933594
0.028340363502502443,0.034252166748046875
0.029621338844299315,0.033891916275024414
0.04217379093170166,0.06063699722290039
0.031041455268859864,0.0381929874420166
0.03292670249938965,0.05289292335510254
0.029316926002502443,0.04860806465148926
0.030228805541992188,0.039711713790893555
0.028647089004516603,0.03753161430358887
0.02933354377746582,0.03561997413635254
0.028395628929138182,0.03623461723327637
0.033678078651428224,0.047171592712402344
0.03303163051605225,0.04625821113586426
0.02623777389526367,0.0383753776550293
0.032073974609375,0.04015326499938965
0.034781670570373534,0.051154375076293945
0.0286146879196167,0.03492426872253418
0.03191537857055664,0.04737448692321777
0.030962610244750978,0.04192233085632324
0.030746936798095703,0.0381622314453125
0.02721526622772217,0.03232073783874512
0.029582619667053223,0.03993582725524902
0.02788808345794678,0.03715014457702637
0.032773065567016604,0.044952392578125
0.03460235595703125,0.04846477508544922
0.03965597152709961,0.058381080627441406
0.028663945198059083,0.03418231010437012
0.033072042465209964,0.04491615295410156
0.030126142501831054,0.03761935234069824
0.03781847953796387,0.051162004470825195
0.03000180721282959,0.04104948043823242
0.029867124557495118,0.03841423988342285
0.03130028247833252,0.038173675537109375
0.03468034267425537,0.04979252815246582
0.027218842506408693,0.03245210647583008
0.03178913593292236,0.04431796073913574
0.03341619968414307,0.04653120040893555
0.03591156005859375,0.04784417152404785
0.02764008045196533,0.033188819885253906
0.02993617057800293,0.0389251708984375
0.03014843463897705,0.03525090217590332
0.03623178005218506,0.05517244338989258
0.03147542476654053,0.03797483444213867
0.03384189605712891,0.047167301177978516
0.038472652435302734,0.05393218994140625
0.038889837265014646,0.05049943923950195
0.034382057189941403,0.04207158088684082
0.03184895515441895,0.04783463478088379
0.03122286796569824,0.039006948471069336
0.03389561176300049,0.048857688903808594
0.03478274345397949,0.050631046295166016
0.030692863464355468,0.04013872146606445
0.032834625244140624,0.04202699661254883
0.0331305742263794,0.046738386154174805
0.034419012069702146,0.04699516296386719
0.029767847061157225,0.03686118125915527
0.0303361177444458,0.038806915283203125
0.029715919494628908,0.03534436225891113
0.029373550415039064,0.03557395935058594
0.030302715301513673,0.0382993221282959
0.03866500854492187,0.05369067192077637
0.03799607753753662,0.05215024948120117
0.039536690711975096,0.05728483200073242
0.0395740270614624,0.07000017166137695
0.035613417625427246,0.04908132553100586
0.03058130741119385,0.039544105529785156
0.032465887069702146,0.03962540626525879
0.03901667594909668,0.05381631851196289
0.03574650287628174,0.05176496505737305
0.028943538665771484,0.03487753868103027
0.03298802375793457,0.05200624465942383
0.03019258975982666,0.04066920280456543
0.029052066802978515,0.036375999450683594
0.03716022968292236,0.0563814640045166
0.030472660064697267,0.044226884841918945
0.04353780746459961,0.0565338134765625
0.034194421768188474,0.04559612274169922
0.039402341842651366,0.053874969482421875
0.030945587158203124,0.04060792922973633
0.03142385482788086,0.048986196517944336
0.034874773025512694,0.046437740325927734
0.028931641578674318,0.03686952590942383
0.029180240631103516,0.034830570220947266
0.031910943984985354,0.04184889793395996
0.035185384750366214,0.0467839241027832
0.03489682674407959,0.04929828643798828
0.03599138259887695,0.06130814552307129
0.03023197650909424,0.0357518196105957
0.03289885520935058,0.04094505310058594
0.037635302543640135,0.04997825622558594
0.03550198078155518,0.051232337951660156
0.03133389949798584,0.048230648040771484
0.03503119945526123,0.047408342361450195
0.030450892448425294,0.03969979286193848
0.026611590385437013,0.033815622329711914
0.030402779579162598,0.04460883140563965
0.0314439058303833,0.040357112884521484
0.034684395790100096,0.04935884475708008
0.03346858024597168,0.046135663986206055
0.032836294174194335,0.051870107650756836
0.03861851692199707,0.05233478546142578
0.03907802104949951,0.054010868072509766
0.03194577693939209,0.04125094413757324
0.03909823894500732,0.05106973648071289
0.0319779634475708,0.03847932815551758
0.0338627815246582,0.045740604400634766
0.03232574462890625,0.03953266143798828
0.03237793445587158,0.048169612884521484
0.03562169075012207,0.04748034477233887
0.03263139724731445,0.04502081871032715
0.031910371780395505,0.043547868728637695
0.03490927219390869,0.04793119430541992
0.03865354061126709,0.051163673400878906
0.03485710620880127,0.044872283935546875
0.03668036460876465,0.046242713928222656
0.037742209434509275,0.05273175239562988
0.03917636871337891,0.056328773498535156
0.03529229164123535,0.049054861068725586
0.03684415817260742,0.05417180061340332
0.03371295928955078,0.04855704307556152
0.02995586395263672,0.040068626403808594
0.030608415603637695,0.039987802505493164
0.03708064556121826,0.05375051498413086
0.035944581031799316,0.05327033996582031
0.03333432674407959,0.0453341007232666
0.031785893440246585,0.0418093204498291
0.03100464344024658,0.038439273834228516
0.03008275032043457,0.039078712463378906
0.03194482326507568,0.04112410545349121
0.030394959449768066,0.03625202178955078
0.030376076698303223,0.040222883224487305
0.035538530349731444,0.046462297439575195
0.03130881786346436,0.04037022590637207
0.03532884120941162,0.04972696304321289
0.03715353012084961,0.04982614517211914
0.03713457584381104,0.051404476165771484
0.03049962520599365,0.03608369827270508
0.0320664644241333,0.03748774528503418
0.03824727535247803,0.05978560447692871
0.030419325828552245,0.04195261001586914
0.03909883499145508,0.05771327018737793
0.029963040351867677,0.037401676177978516
0.03346648216247559,0.04677724838256836
0.03788659572601318,0.05124330520629883
0.0318495512008667,0.03990435600280762
0.03252170085906982,0.038106679916381836
0.031697416305541994,0.04337167739868164
0.030060338973999023,0.03939938545227051
0.03395011425018311,0.044158935546875
0.03772151470184326,0.04862499237060547
0.031994056701660153,0.04007363319396973
0.03566651344299317,0.051506757736206055
0.03797135353088379,0.05037832260131836
0.03084416389465332,0.040311574935913086
0.03463125228881836,0.0506443977355957
0.02822256088256836,0.03642702102661133
0.03066895008087158,0.039560556411743164
0.030524635314941408,0.03629040718078613
0.03267457485198975,0.04272127151489258
0.039394712448120116,0.05665421485900879
0.03008122444152832,0.03986978530883789
0.03089301586151123,0.04101920127868652
0.033122682571411134,0.04375195503234863
0.03786039352416992,0.05284738540649414
0.04032437801361084,0.05545806884765625
0.03568048477172851,0.05174732208251953
0.029404497146606444,0.03786611557006836
0.036977744102478026,0.04422760009765625
0.035518312454223634,0.05053400993347168
0.031578445434570314,0.037931203842163086
0.028774571418762208,0.03583359718322754
0.03598794937133789,0.05094742774963379
0.04001762866973877,0.05080890655517578
0.02962207794189453,0.037581682205200195
0.02463352680206299,0.030612468719482422
0.038649773597717284,0.056867122650146484
0.04197800159454346,0.06412553787231445
0.03090071678161621,0.03842639923095703
0.03313767910003662,0.04437136650085449
0.041047525405883786,0.05973553657531738
0.04327406883239746,0.08230042457580566
0.03813879489898682,0.05249953269958496
0.03217482566833496,0.0389404296875
0.03573079109191894,0.05011343955993652
0.0356252908706665,0.05307340621948242
0.03192455768585205,0.04503679275512695
0.029497551918029784,0.03890061378479004
0.03105959892272949,0.047775983810424805
0.034805464744567874,0.04971432685852051
0.03163907527923584,0.04461097717285156
0.036402010917663576,0.04997897148132324
0.033670902252197266,0.04663228988647461
0.03335723876953125,0.04212355613708496
0.038495206832885744,0.05387258529663086
0.03172023296356201,0.04291129112243652
0.033540654182434085,0.042832374572753906
0.035292553901672366,0.045220136642456055
0.03165128231048584,0.0431516170501709
0.035605454444885255,0.05105471611022949
0.03187274932861328,0.04228973388671875
0.03935713768005371,0.056848764419555664
0.04307715892791748,0.06992268562316895
0.03896811008453369,0.05391216278076172
0.029541707038879393,0.03995943069458008
0.032449865341186525,0.0396723747253418
0.03059089183807373,0.03612065315246582
0.036099815368652345,0.0489957332611084
0.02905445098876953,0.03662681579589844
0.029668807983398438,0.03965330123901367
0.03071303367614746,0.03949928283691406
0.0294827938079834,0.03911256790161133
0.032591843605041505,0.04134702682495117
0.03833084106445313,0.051085472106933594
0.034516096115112305,0.04781389236450195
0.030767178535461424,0.04056739807128906
0.0333237886428833,0.04475665092468262
0.0300856351852417,0.038012027740478516
0.03970329761505127,0.06241869926452637
0.028748726844787596,0.03389692306518555
0.030859541893005372,0.04721188545227051
0.028571271896362306,0.040229082107543945
0.027156686782836913,0.03394484519958496
0.03065621852874756,0.041155099868774414
0.029078054428100585,0.04322934150695801
0.03819758892059326,0.06999516487121582
0.03643555641174316,0.047267913818359375
0.03257596492767334,0.047638654708862305
0.026073694229125977,0.034195661544799805
0.039425992965698244,0.05521082878112793
0.031911373138427734,0.04365801811218262
0.03169374465942383,0.03940558433532715
0.029764175415039062,0.03794741630554199
0.034825587272644044,0.048949241638183594
0.035815191268920896,0.04985952377319336
0.043511366844177245,0.06584501266479492
0.0451657772064209,0.07186150550842285
0.03131444454193115,0.03701329231262207
0.03711533546447754,0.05196404457092285
0.04053981304168701,0.058580636978149414
0.03576562404632568,0.053252220153808594
0.030785632133483887,0.0357820987701416
0.03226330280303955,0.04289674758911133
0.032188701629638675,0.04441332817077637
0.03563680648803711,0.05460643768310547
0.038478517532348634,0.05483078956604004
0.03165016174316406,0.041689157485961914
0.03152210712432861,0.04331207275390625
0.031467747688293454,0.03937888145446777
0.036211156845092775,0.05111885070800781
0.03788726329803467,0.05038571357727051
0.03213353157043457,0.04881095886230469
0.031358075141906736,0.04406428337097168
0.032550382614135745,0.04655194282531738
0.039238905906677245,0.06077432632446289
0.03182275295257568,0.04077768325805664
0.03343329429626465,0.0432581901550293
0.03144097328186035,0.04227185249328613
0.03469972610473633,0.042789459228515625
0.030489563941955566,0.03847312927246094
0.034162044525146484,0.04295015335083008
0.03504180908203125,0.048615217208862305
0.03333272933959961,0.05288553237915039
0.03334696292877197,0.042601585388183594
0.029900574684143068,0.04246354103088379
0.035785460472106935,0.04270744323730469
0.0352339506149292,0.04513144493103027
0.03108847141265869,0.04239964485168457
0.036880874633789064,0.04843449592590332
0.03440825939178467,0.04876303672790527
0.027872681617736816,0.03739786148071289
0.031991004943847656,0.04441189765930176
0.029359817504882812,0.03743553161621094
0.041878676414489745,0.06200766563415527
0.03942697048187256,0.05366992950439453
0.038967466354370116,0.053711891174316406
0.04767100811004639,0.06934165954589844
0.04305388927459717,0.06429314613342285
0.043591094017028806,0.05864095687866211
0.03795473575592041,0.05931401252746582
0.032454919815063474,0.047657012939453125
0.03542165756225586,0.044785261154174805
0.02895476818084717,0.03625941276550293
0.027964043617248534,0.03351950645446777
0.03692348003387451,0.05093073844909668
0.03858935832977295,0.05254077911376953
0.04005355834960937,0.055054664611816406
0.04189059734344482,0.06333708763122559
0.039352798461914064,0.059710025787353516
0.034014225006103516,0.054952383041381836
0.03858349323272705,0.05445098876953125
0.034516644477844236,0.04503202438354492
0.03227555751800537,0.04202008247375488
0.032647562026977536,0.040413618087768555
0.03459038734436035,0.04481053352355957
0.03259263038635254,0.04368185997009277
0.03926973342895508,0.05218958854675293
0.03380606174468994,0.04259610176086426
0.03454580307006836,0.04738950729370117
0.03456747531890869,0.048075199127197266
0.031339383125305174,0.038135528564453125
0.032191348075866696,0.03972005844116211
0.03781981468200683,0.05061149597167969
0.034714126586914064,0.04485917091369629
0.03858497142791748,0.06050920486450195
0.030540776252746583,0.044820547103881836
0.03193907737731934,0.046323537826538086
0.03849372863769531,0.055426597595214844
0.032126784324645996,0.04253745079040527
0.03165676593780518,0.04066276550292969
0.03957045078277588,0.0569918155670166
0.03879847526550293,0.05327486991882324
0.030381536483764647,0.04338788986206055
0.03897838592529297,0.045853376388549805
0.03116636276245117,0.04151463508605957
0.034128546714782715,0.049735069274902344
0.034774947166442874,0.050925254821777344
0.040684080123901366,0.0543820858001709
0.033215785026550294,0.03939557075500488
0.03400778770446777,0.04174447059631348
0.036905765533447266,0.04482436180114746
0.03336136341094971,0.04112887382507324
0.03221461772918701,0.04058194160461426
0.03431856632232666,0.048488616943359375
0.12475051879882812,0.19501209259033203
0.1348152542114258,0.2271440029144287
0.10961828708648681,0.15993833541870117
0.12064992904663085,0.19260573387145996
0.11399856567382813,0.18951129913330078
0.08944242000579834,0.13258790969848633
0.10019964694976807,0.15024185180664062
0.10464894771575928,0.1454615592956543
0.11267954826354981,0.19049906730651855
0.1039340353012085,0.15761256217956543
0.09887089252471924,0.14380121231079102
0.11239008903503418,0.18442940711975098
0.11534625053405761,0.19349169731140137
0.10945687770843505,0.15725302696228027
0.10630566120147705,0.15466547012329102
0.10518385410308838,0.14933276176452637
0.09218178272247314,0.1290271282196045
0.11804447174072266,0.19629836082458496
0.09694788455963135,0.14385128021240234
0.11001350402832032,0.15527939796447754
0.1018208932876587,0.15703058242797852
0.1009658432006836,0.14565253257751465
0.12174728870391846,0.19147706031799316
0.10435474872589111,0.14520621299743652
0.11233500957489014,0.18639206886291504
0.1024887990951538,0.1508030891418457
0.11254307270050048,0.16944479942321777
0.09521790027618408,0.1367783546447754
0.10761026859283447,0.14947819709777832
0.10056251525878906,0.14059996604919434
0.10217766761779785,0.14651155471801758
0.1060480260848999,0.1906147003173828
0.10628955364227295,0.15650057792663574
0.11772818565368652,0.19033026695251465
0.10261053085327149,0.16750884056091309
0.11480935096740723,0.19164562225341797
0.10724498271942139,0.15480923652648926
0.11187217712402343,0.17267322540283203
0.11250847339630127,0.1664905548095703
0.1196807336807251,0.20325469970703125
0.10667211532592774,0.15082097053527832
0.11300600051879883,0.18020200729370117
0.11327629089355469,0.19766545295715332
0.11440638542175292,0.1919853687286377
0.09836779594421387,0.1447751522064209
0.11146987915039062,0.16669440269470215
0.09199406623840332,0.13701248168945312
0.10070965766906738,0.14423251152038574
0.1058809757232666,0.1632528305053711
0.09388989448547364,0.12611746788024902
0.12393678665161133,0.2122204303741455
0.11487807750701905,0.17458105087280273
0.14928551197052,0.2602684497833252
0.09887439250946045,0.1386125087738037
0.11435091495513916,0.18763184547424316
0.10574247360229493,0.16329312324523926
0.10610310554504394,0.17012405395507812
0.10840614318847656,0.14876317977905273
0.1148983335494995,0.18874406814575195
0.09947611808776856,0.13830852508544922
0.10503203392028809,0.15849876403808594
0.10761809349060059,0.16841602325439453
0.10237445831298828,0.14555025100708008
0.09984352111816407,0.15049123764038086
0.10430424690246581,0.14728474617004395
0.11180112838745117,0.16326498985290527
0.10929346561431885,0.16843175888061523
0.11266332149505615,0.17675423622131348
0.11296350955963134,0.17452263832092285
0.09432374477386475,0.12728142738342285
0.10804738521575928,0.1673271656036377
0.11623788833618164,0.160048246383667
0.12935197830200196,0.18888163566589355
0.12961794853210448,0.20691180229187012
0.08241436958312988,0.14021587371826172
0.10627007007598877,0.15929174423217773
0.08789108753204346,0.13638567924499512
0.11560439586639404,0.1584949493408203
0.10192580699920654,0.14844179153442383
0.09531249046325684,0.14217376708984375
0.08065260887145996,0.11693620681762695
0.10531871318817139,0.16292285919189453
0.06556013107299805,0.10200190544128418
0.04290972232818604,0.06901884078979492
0.0875180721282959,0.12747883796691895
0.11300841808319091,0.1763615608215332
0.11855390071868896,0.17223072052001953
0.11267824172973633,0.1802523136138916
0.09719604015350342,0.14075350761413574
0.11338957786560058,0.17316460609436035
0.09762162208557129,0.15498852729797363
0.10282803535461425,0.1537480354309082
0.10162155151367187,0.14730024337768555
0.12165903568267822,0.1754467487335205
0.10870054244995117,0.15688872337341309
0.10875259876251221,0.17144560813903809
0.1233446979522705,0.21457886695861816
0.11459139823913574,0.18111276626586914
0.11747071266174317,0.18869709968566895
0.10144212245941162,0.15985107421875
0.11290349006652832,0.1721792221069336
0.10839229106903076,0.1670083999633789
0.11590474128723144,0.17493557929992676
0.11754047870635986,0.1938016414642334
0.11136423587799073,0.1699080467224121
0.08912705421447754,0.1488358974456787
0.10525221824645996,0.16747450828552246
0.1258220148086548,0.22089600563049316
0.10860272407531739,0.18256878852844238
0.07216444015502929,0.12817931175231934
0.10672576904296875,0.14465999603271484
0.10285588264465333,0.14626288414001465
0.10641121864318848,0.15328288078308105
0.1025831127166748,0.15023040771484375
0.10976251125335694,0.16092872619628906
0.12147360324859618,0.18654131889343262
0.10556787490844727,0.14930176734924316
0.11723100662231445,0.18478727340698242
0.12017380237579346,0.19077157974243164
0.10793607234954834,0.15960288047790527
0.09962013721466065,0.15098786354064941
0.11688448905944825,0.16319870948791504
0.10439831256866455,0.14956068992614746
0.12284224033355713,0.17062997817993164
0.09867189407348632,0.144911527633667
0.10398047447204589,0.14749717712402344
0.10540894985198974,0.14545106887817383
0.10660955905914307,0.15149974822998047
0.12164460182189941,0.20474576950073242
0.1010797643661499,0.14848875999450684
0.09827159881591797,0.13471460342407227
0.1015243673324585,0.14954900741577148
0.10377906799316407,0.15169072151184082
0.10542438983917236,0.15463924407958984
0.10504902362823486,0.1510906219482422
0.12939578533172608,0.1938786506652832
0.09729864120483399,0.15347933769226074
0.1226253318786621,0.2037956714630127
0.0974665641784668,0.1464228630065918
0.06481933116912841,0.09905624389648438
0.09934470176696777,0.17174410820007324
0.11147912979125976,0.16361379623413086
0.12219598293304443,0.20371627807617188
0.05311836719512939,0.09195184707641602
0.07931268692016602,0.12558341026306152
0.057559361457824705,0.08872628211975098
0.05565873146057129,0.0866847038269043
0.0948511552810669,0.13555407524108887
0.10793017387390137,0.15907025337219238
0.10683514595031739,0.16658234596252441
0.09459409236907959,0.13998723030090332
0.11036183834075927,0.17448949813842773
0.10642694473266602,0.1700439453125
0.102799072265625,0.14946413040161133
0.11225720882415771,0.17267489433288574
0.10321356296539307,0.15252041816711426
0.11559736728668213,0.20555949211120605
0.09757436275482177,0.15015697479248047
0.10331867218017578,0.1552586555480957
0.11695862770080566,0.1884632110595703
0.10135807037353516,0.13849282264709473
0.11005985736846924,0.16524553298950195
0.10383045673370361,0.1492621898651123
0.10319630146026611,0.14903759956359863
0.11343219757080078,0.1775963306427002
0.11239210605621337,0.1724987030029297
0.14017075061798095,0.23351836204528809
0.1126838493347168,0.16221117973327637
0.11879038333892822,0.17655301094055176
0.10708388805389404,0.15543508529663086
0.08792269706726075,0.13428187370300293
0.11975642681121826,0.16554951667785645
0.10833535194396973,0.1619243621826172
0.11712523937225341,0.17151236534118652
0.12639396667480468,0.2027134895324707
0.11701019287109375,0.18055486679077148
0.10544686794281005,0.1470625400543213
0.11346301555633545,0.16223573684692383
0.13168409824371338,0.24922418594360352
0.05176337242126465,0.10974240303039551
0.05679963111877442,0.12069559097290039
0.11501787662506104,0.15433549880981445
0.10888171672821045,0.1538705825805664
0.09346458911895753,0.13657617568969727
0.1094268274307251,0.1913740634918213
0.12395206451416016,0.18313288688659668
0.07715362071990967,0.11302971839904785
0.11525528430938721,0.24197149276733398
0.0451317548751831,0.074310302734375
0.11806736946105957,0.19814038276672363
0.11077916145324707,0.16308879852294922
0.09861377716064453,0.1408247947692871
0.14908312320709227,0.2631032466888428
0.09798670768737792,0.14084315299987793
0.11967197418212891,0.18317723274230957
0.09998484611511231,0.14310359954833984
0.14091722011566163,0.25063467025756836
0.10955834865570069,0.1824793815612793
0.08043980598449707,0.1197364330291748
0.1008524990081787,0.1478252410888672
0.09762364387512207,0.1587679386138916
0.11318960189819335,0.18035578727722168
0.07417722702026368,0.13106727600097656
0.10654227256774902,0.1693286895751953
0.09175231456756591,0.12874197959899902
0.09034377574920655,0.1385204792022705
0.10491881847381591,0.14977335929870605
0.1127807331085205,0.19298839569091797
0.10770341873168945,0.14915847778320312
0.11213811874389648,0.1815948486328125
0.09753878593444824,0.13808965682983398
0.09159121990203857,0.13850975036621094
0.09701340198516846,0.13059139251708984
0.10868476867675782,0.18473124504089355
0.10782861232757568,0.1428365707397461
0.1149626350402832,0.1676497459411621
0.09067977905273437,0.15904664993286133
0.10104603767395019,0.14933323860168457
0.10783981800079345,0.1990969181060791
0.122327561378479,0.19682097434997559
0.12090543746948242,0.19338107109069824
0.12946251392364502,0.22785425186157227
0.11226257801055908,0.15732693672180176
0.11321935653686524,0.18457698822021484
0.09797175884246827,0.1362156867980957
0.11038539409637452,0.17052006721496582
0.10350264549255371,0.14973783493041992
0.12041402339935303,0.18164610862731934
0.10694863319396973,0.16475152969360352
0.0936152982711792,0.14376449584960938
0.09796173572540283,0.14716529846191406
0.1058086633682251,0.1503887176513672
0.10168324947357178,0.15564417839050293
0.12303637027740479,0.18126916885375977
0.1149790906906128,0.1957540512084961
0.10125032424926758,0.1367044448852539
0.12736952781677247,0.2113502025604248
0.10936298370361328,0.18895196914672852
0.10115324497222901,0.14107608795166016
0.11398797988891601,0.17203783988952637
0.11624879837036133,0.20428991317749023
0.10677423477172851,0.15427470207214355
0.11547156810760498,0.18660545349121094
0.10968667507171631,0.17771434783935547
0.10059478759765625,0.15204405784606934
0.10408253192901612,0.15546441078186035
0.10904859066009522,0.17290711402893066
0.07341467380523682,0.13459348678588867
0.08358788967132569,0.1701819896697998
0.09026838302612304,0.13701295852661133
0.08391876697540283,0.11250543594360352
0.10990195751190185,0.16532468795776367
0.10960622787475587,0.16697144508361816
0.10800567626953125,0.16014528274536133
0.10803175449371338,0.14372563362121582
0.09918318271636963,0.1909632682800293
0.10081354141235352,0.14733147621154785
0.1003843069076538,0.13238215446472168
0.10668869018554687,0.15047574043273926
0.11125183582305909,0.17331147193908691
0.10406060218811035,0.1531524658203125
0.11646753787994385,0.16688203811645508
0.1173594856262207,0.1793813705444336
0.11777690410614014,0.1979351043701172
0.03977996826171875,0.06496310234069824
0.05416168689727783,0.09820103645324707
0.0475175666809082,0.10008740425109863
0.08115313053131104,0.1553027629852295
0.12345083713531495,0.1876661777496338
0.10202306270599365,0.14432263374328613
0.11692609310150147,0.19299936294555664
0.11455580234527588,0.1644575595855713
0.10406431198120117,0.14927196502685547
0.11027025699615478,0.18504047393798828
0.11629960060119629,0.1896810531616211
0.10453803062438966,0.17557835578918457
0.10401998519897461,0.15829133987426758
0.1356115484237671,0.2630152702331543
0.04719594955444336,0.09670209884643555
0.10364128112792968,0.15190768241882324
0.11119014263153076,0.16768741607666016
0.10474901676177978,0.1750199794769287
0.08908412456512452,0.13684797286987305
0.1088978624343872,0.17630839347839355
0.10259969234466552,0.18872284889221191
0.056525588035583496,0.09398746490478516
0.0991924524307251,0.15089654922485352
0.10120855331420898,0.1468956470489502
0.09868976593017578,0.16617155075073242
0.09973596096038818,0.15315937995910645
0.1099753189086914,0.15667986869812012
0.10941072463989258,0.15893769264221191
0.12369951725006104,0.1999070644378662
0.10146701812744141,0.15819811820983887
0.1053313398361206,0.14210224151611328
0.10457947731018066,0.14244318008422852
0.10662272930145264,0.16936612129211426
0.0923301076889038,0.15355587005615234
0.10065062522888184,0.1562023162841797
0.09630069255828858,0.14865970611572266
0.11144591331481933,0.1837465763092041
0.1061173152923584,0.19644713401794434
0.10357238292694092,0.18314886093139648
0.12632716655731202,0.21767568588256836
0.12001574516296387,0.17687249183654785
0.11542688846588135,0.19261956214904785
0.11768017768859863,0.19147753715515137
0.10844200134277343,0.1478273868560791
0.09514108657836914,0.14510178565979004
0.10238097667694092,0.14250493049621582
0.10633499145507813,0.15627551078796387
0.09569908618927002,0.15041160583496094
0.10760392665863037,0.14762020111083984
0.10318183898925781,0.16672992706298828
0.10505767822265626,0.16624999046325684
0.10794019222259521,0.15308785438537598
0.10931621074676513,0.16259121894836426
0.10529955863952636,0.14770913124084473
0.09598915100097656,0.1396937370300293
0.10279422283172607,0.14383935928344727
0.10498970985412598,0.1598830223083496
0.11362264156341553,0.18394970893859863
0.10430927753448486,0.14910030364990234
0.10273252964019776,0.15181803703308105
0.10536182880401611,0.1461777687072754
0.10236370086669921,0.15336155891418457
0.11184251308441162,0.15563368797302246
0.1127610969543457,0.1778881549835205
0.11090950489044189,0.1757187843322754
0.10159782409667968,0.1364598274230957
0.09574182987213135,0.12290287017822266
0.08916305541992188,0.13250255584716797
0.11444940567016601,0.1806962490081787
0.10599652290344239,0.15178871154785156
0.1139906406402588,0.1634819507598877
0.10218924999237061,0.1473073959350586
0.10424452304840087,0.14986681938171387
0.10204819679260253,0.15149235725402832
0.09667771339416503,0.16448402404785156
0.11174835205078125,0.1664292812347412
0.11061806201934815,0.17926716804504395
0.11776301860809327,0.1865062713623047
0.10403775691986084,0.15610194206237793
0.10722219467163085,0.16554689407348633
0.10901196479797363,0.155975341796875
0.10546356678009033,0.16489648818969727
0.10445875644683839,0.14835119247436523
0.10824317932128906,0.15180230140686035
0.091972336769104,0.13300180435180664
0.11667992115020752,0.1656358242034912
0.10354349613189698,0.14648723602294922
0.11010547637939454,0.15790915489196777
0.102576003074646,0.17190194129943848
0.11239972114562988,0.17666864395141602
0.11512554168701172,0.1898787021636963
0.10551037788391113,0.17305803298950195
0.09951544284820557,0.15451407432556152
0.11821542263031005,0.19275307655334473
0.09943636417388917,0.16641759872436523
0.10765251159667968,0.16858720779418945
0.10026254653930664,0.13967442512512207
0.07898104667663575,0.13111424446105957
0.10736882209777832,0.16570472717285156
0.09897547245025634,0.16177916526794434
0.09913177490234375,0.13842153549194336
0.09768564224243165,0.13343024253845215
0.11424902439117432,0.19023513793945312
0.10599501609802246,0.1463029384613037
0.09424517631530761,0.1413426399230957
0.10328789234161377,0.14846253395080566
0.12021798610687257,0.2011728286743164
0.0929438591003418,0.13243865966796875
0.09917036056518555,0.16771602630615234
0.10292351245880127,0.17870640754699707
0.12266946792602539,0.20223236083984375
0.097388596534729,0.13759732246398926
0.10353079319000244,0.1524186134338379
0.09445630073547363,0.14017510414123535
0.1130828619003296,0.15815377235412598
0.09672357559204102,0.1372833251953125
0.10144777297973633,0.15465974807739258
0.13285961151123046,0.23613739013671875
0.1290221071243286,0.22539520263671875
0.09960561275482177,0.14198017120361328
0.10454750061035156,0.17350220680236816
0.11374960899353027,0.17388224601745605
0.10811152458190917,0.1634981632232666
0.10431524753570556,0.1560072898864746
0.10303744316101074,0.14537787437438965
0.12473096847534179,0.20197749137878418
0.10789621829986572,0.17514276504516602
0.10347937107086182,0.154008150100708
0.10830687046051025,0.1723940372467041
0.12076229095458985,0.1987004280090332
0.09950979709625245,0.14580392837524414
0.10501893520355225,0.1513981819152832
0.11673840045928956,0.20395612716674805
0.09994704246520997,0.1596083641052246
0.09953073501586913,0.14690613746643066
0.10630503177642822,0.15843677520751953
0.10266767978668213,0.16229462623596191
0.10144497871398926,0.1414332389831543
0.10921046257019043,0.14392685890197754
0.10843582153320312,0.14657020568847656
0.11120291233062744,0.17283177375793457
0.1069142484664917,0.1540203094482422
0.11250442028045654,0.17396783828735352
0.09935076713562012,0.15894532203674316
0.1075734806060791,0.17981767654418945
0.10522902011871338,0.14553380012512207
0.1093324613571167,0.17181849479675293
0.10386950969696045,0.158203125
0.10242438316345215,0.15379929542541504
0.09978503704071046,0.1545422077178955
0.10943130493164062,0.18328189849853516
0.09394356727600098,0.13968992233276367
0.09939447879791259,0.13816118240356445
0.0934667682647705,0.16425037384033203
0.0986025333404541,0.14846086502075195
0.13568009853363036,0.20925545692443848
0.11567421436309815,0.19191193580627441
0.10570145130157471,0.16593670845031738
0.09999677658081055,0.15323615074157715
0.10017131805419922,0.1560831069946289
0.10641216278076172,0.16854453086853027
0.10052555084228515,0.13373899459838867
0.09468163013458251,0.13006186485290527
0.09309263706207276,0.15530753135681152
0.10996820926666259,0.17369627952575684
0.09814543247222901,0.13307929039001465
0.10062906265258789,0.15007615089416504
0.09912994861602784,0.14860248565673828
0.10776118278503417,0.1689765453338623
0.10120062351226806,0.13866925239562988
0.1079450273513794,0.17231416702270508
0.10845953941345216,0.1548922061920166
0.11774176120758056,0.20154380798339844
0.10375004768371582,0.17932391166687012
0.11768564701080322,0.18907523155212402
0.10216984272003174,0.1630237102508545
0.10201544284820557,0.16440391540527344
0.09989583969116211,0.14301729202270508
0.11760798931121826,0.18352818489074707
0.1038506269454956,0.16087031364440918
0.09581955432891846,0.14103221893310547
0.10043686866760254,0.1455078125
0.10947872638702393,0.14463043212890625
0.1136248779296875,0.1943807601928711
0.09573987483978272,0.1454005241394043
0.07533246994018555,0.11945724487304688
0.10458535671234132,0.1460709571838379
0.11984892845153809,0.18915009498596191
0.12692735195159913,0.20162105560302734
0.09614341735839843,0.14550352096557617
0.10202404975891113,0.1555945873260498
0.09782124519348144,0.1432781219482422
0.1156671953201294,0.17928147315979004
0.11289332389831543,0.18981122970581055
0.10384310722351074,0.1410388946533203
0.09630894184112548,0.1318354606628418
0.11063566207885742,0.18610215187072754
0.10171937942504883,0.1638355255126953
0.10010025978088379,0.16169118881225586
0.10922409057617187,0.16365814208984375
0.11872431755065918,0.17838311195373535
0.10802997589111328,0.16079449653625488
0.10880109310150146,0.15643310546875
0.09358164310455322,0.1381092071533203
0.1104305124282837,0.1647953987121582
0.1030683708190918,0.15515947341918945
0.11111366748809814,0.17423534393310547
0.10863186836242676,0.17434048652648926
0.11266873359680175,0.17752742767333984
0.10276315689086914,0.16713571548461914
0.1069690752029419,0.15091204643249512
0.11207005977630616,0.17920851707458496
0.09823107242584228,0.15024852752685547
0.12597353935241698,0.20253586769104004
0.10748344898223877,0.18396496772766113
0.08909613132476807,0.12260770797729492
0.09829622745513916,0.13715863227844238
0.10839693069458008,0.15093541145324707
0.11965636253356933,0.18804430961608887
0.106415057182312,0.16462397575378418
0.09232369422912598,0.1402122974395752
0.09931717872619629,0.14335250854492188
0.10039525985717773,0.14858508110046387
0.11291305065155029,0.18875479698181152
0.09815947532653808,0.14933156967163086
0.10466674327850342,0.15056562423706055
0.12008705615997314,0.17795252799987793
0.10873491287231446,0.1638963222503662
0.1088761854171753,0.1795051097869873
0.10991042613983154,0.1624314785003662
0.10710997104644776,0.15735793113708496
0.12089645385742187,0.19454288482666016
0.10033817768096924,0.15689682960510254
0.11028011798858643,0.15624403953552246
0.1085003662109375,0.1611626148223877
0.10738142967224121,0.1624469757080078
