cont1_mem,cont1_cpu,cont2_mem,cont2_cpu
23408,0.000182266,23624,0.000104116
23408,0.000182266,23624,0.000104116
23408,0.000182266,23624,0.000104116
23408,0.000182266,23624,0.000104116
23408,0.000182266,23624,0.000104116
23408,0.000182266,23624,0.000104116
23408,0.000182266,23624,0.000104116
23408,0.000182266,23624,0.000104116
23408,0.000182266,23624,0.000104116
23408,0.000182266,23624,0.000104116
23408,0.000182266,23624,0.000104116
23408,0.000182266,23624,0.000104116
23408,0.000182266,23624,0.000104116
23624,0.000104116,23408,0.000182266
23408,0.000182266,23624,0.000104116
23408,0.000182266,23624,0.000104116
23408,0.000182266,23624,0.000104116
23408,0.000182266,23624,0.000104116
23408,0.000182266,23624,0.000104116
23408,0.000182266,23624,0.000104116
23408,0.000182266,23624,0.000104116
23408,0.000182266,23624,0.000104116
23408,0.000182266,23624,0.000104116
23408,0.000182266,23624,0.000104116
23408,0.000182266,23624,0.000104116
23408,0.000182266,23624,0.000104116
23408,0.000182266,23624,0.000104116
23408,0.000182266,23624,0.000104116
23408,0.000182266,23624,0.000104116
23408,0.000182266,23624,0.000104116
23408,0.000182266,23624,0.000104116
23408,0.000182266,23624,0.000104116
23408,0.000182266,23624,0.000104116
23624,0.000104116,23408,0.000182266
23408,0.000182266,23624,0.000104116
23408,0.000182266,23624,0.000104116
23408,0.000182266,23624,0.000104116
23408,0.000182266,23624,0.000104116
23624,0.000104116,23408,0.000182266
23408,0.000182266,23624,0.000104116
23408,0.000182266,23624,0.000104116
23408,0.000182266,23624,0.000104116
23408,0.000182266,23624,0.000104116
23408,0.000182266,23624,0.000104116
23408,0.000182266,23624,0.000104116
23408,0.000182266,23624,0.000104116
23408,0.000182266,23624,0.000104116
23408,0.000182266,23624,0.000104116
23408,0.000182266,23624,0.000104116
23624,0.000104116,23408,0.000182266
23408,0.000182266,23624,0.000104116
23408,0.000182266,23624,0.000104116
23408,0.000182266,23624,0.000104116
23408,0.000182266,23624,0.000104116
23408,0.000182266,23624,0.000104116
23408,0.000182266,23624,0.000104116
23408,0.000182266,23624,0.000104116
23408,0.000182266,23624,0.000104116
23408,0.000182266,23624,0.000104116
23408,0.000182266,23624,0.000104116
23408,0.000182266,23624,0.000104116
23408,0.000182266,23624,0.000104116
23408,0.000182266,23624,0.000104116
23624,0.000104116,23408,0.000182266
23408,0.000182266,23624,0.000104116
23408,0.000182266,23624,0.000104116
23408,0.000182266,23624,0.000104116
23408,0.000182266,23624,0.000104116
23408,0.000182266,23624,0.000104116
23408,0.000182266,23624,0.000104116
23624,0.000104116,23408,0.000182266
23408,0.000182266,23624,0.000104116
23408,0.000182266,23624,0.000104116
23408,0.000182266,23624,0.000104116
23408,0.000182266,23624,0.000104116
23624,0.000104116,23408,0.000182266
23624,0.000104116,23408,0.000182266
23408,0.000182266,23624,0.000104116
23624,0.000104116,23408,0.000182266
23408,0.000182266,23624,0.000104116
23408,0.000182266,23624,0.000104116
23408,0.000182266,23624,0.000104116
23408,0.000182266,23624,0.000104116
23408,0.000182266,23624,0.000104116
23624,0.000104116,23408,0.000182266
23408,0.000182266,23624,0.000104116
23408,0.000182266,23624,0.000104116
23408,0.000182266,23624,0.000104116
23408,0.000182266,23624,0.000104116
23624,0.000104116,23408,0.000182266
23408,0.000182266,23624,0.000104116
23408,0.000182266,23624,0.000104116
23408,0.000182266,23624,0.000104116
23408,0.000182266,23624,0.000104116
23408,0.000182266,23624,0.000104116
23624,0.000104116,23408,0.000182266
23408,0.000182266,23624,0.000104116
23408,0.000182266,23624,0.000104116
23408,0.000182266,23624,0.000104116
23408,0.000182266,23624,0.000104116
23408,0.000182266,23624,0.000104116
23408,0.000182266,23624,0.000104116
23408,0.000182266,23624,0.000104116
23408,0.000182266,23624,0.000104116
23408,0.000182266,23624,0.000104116
23408,0.000182266,23624,0.000104116
23408,0.000182266,23624,0.000104116
23408,0.000182266,23624,0.000104116
23408,0.000182266,23624,0.000104116
23408,0.000182266,23624,0.000104116
23408,0.000182266,23624,0.000104116
23408,0.000182266,23624,0.000104116
23408,0.000182266,23624,0.000104116
23408,0.000182266,23624,0.000104116
23624,0.000104116,23408,0.000182266
23408,0.000182266,23624,0.000104116
23408,0.000182266,23624,0.000104116
23624,0.000104116,23408,0.000182266
23408,0.000182266,23624,0.000104116
23408,0.000182266,23624,0.000104116
23408,0.000182266,23624,0.000104116
23408,0.000182266,23624,0.000104116
23408,0.000182266,23624,0.000104116
23624,0.000104116,23408,0.000182266
23408,0.000182266,23624,0.000104116
23408,0.000182266,23624,0.000104116
23408,0.000182266,23624,0.000104116
23408,0.000182266,23624,0.000104116
23408,0.000182266,23624,0.000104116
23408,0.000182266,23624,0.000104116
23408,0.000182266,23624,0.000104116
23408,0.000182266,23624,0.000104116
23408,0.000182266,23624,0.000104116
23408,0.000182266,23624,0.000104116
23624,0.000104116,23408,0.000182266
23408,0.000182266,23624,0.000104116
23408,0.000182266,23624,0.000104116
23624,0.000104116,23408,0.000182266
23408,0.000182266,23624,0.000104116
23408,0.000182266,23624,0.000104116
23408,0.000182266,23624,0.000104116
23408,0.000182266,23624,0.000104116
23408,0.000182266,23624,0.000104116
23624,0.000104116,23408,0.000182266
23408,0.000182266,23624,0.000104116
23624,0.000104116,23408,0.000182266
23624,0.000104116,23408,0.000182266
23624,0.000104116,23408,0.000182266
23624,0.000104116,23408,0.000182266
23408,0.000182266,23624,0.000104116
23408,0.000182266,23624,0.000104116
23408,0.000182266,23624,0.000104116
23408,0.000182266,23624,0.000104116
23408,0.000182266,23624,0.000104116
23408,0.000182266,23624,0.000104116
23408,0.000182266,23624,0.000104116
23408,0.000182266,23624,0.000104116
23408,0.000182266,23624,0.000104116
23408,0.000182266,23624,0.000104116
23624,0.000104116,23408,0.000182266
23408,0.000182266,23624,0.000104116
23408,0.000182266,23624,0.000104116
23624,0.000104116,23408,0.000182266
23408,0.000182266,23624,0.000104116
23408,0.000182266,23624,0.000104116
23408,0.000182266,23624,0.000104116
23408,0.000182266,23624,0.000104116
23408,0.000182266,23624,0.000104116
23408,0.000182266,23624,0.000104116
23408,0.000182266,23624,0.000104116
23408,0.000182266,23624,0.000104116
23408,0.000182266,23624,0.000104116
23624,0.000104116,23408,0.000182266
23408,0.000182266,23624,0.000104116
23408,0.000182266,23624,0.000104116
23408,0.000182266,23624,0.000104116
23408,0.000182266,23624,0.000104116
23624,0.000104116,23408,0.000182266
23408,0.000182266,23624,0.000104116
23408,0.000182266,23624,0.000104116
23408,0.000182266,23624,0.000104116
23624,0.000104116,23408,0.000182266
23624,0.000104116,23408,0.000182266
23408,0.000182266,23624,0.000104116
23624,0.000104116,23408,0.000182266
23408,0.000182266,23624,0.000104116
23408,0.000182266,23624,0.000104116
23408,0.000182266,23624,0.000104116
23408,0.000182266,23624,0.000104116
23408,0.000182266,23624,0.000104116
23624,0.000104116,23408,0.000182266
23408,0.000182266,23624,0.000104116
23408,0.000182266,23624,0.000104116
23408,0.000182266,23624,0.000104116
23408,0.000182266,23624,0.000104116
23624,0.000104116,23408,0.000182266
23408,0.000182266,23624,0.000104116
23408,0.000182266,23624,0.000104116
23408,0.000182266,23624,0.000104116
23408,0.000182266,23624,0.000104116
23408,0.000182266,23624,0.000104116
23408,0.000182266,23624,0.000104116
23408,0.000182266,23624,0.000104116
23408,0.000182266,23624,0.000104116
23408,0.000182266,23624,0.000104116
23408,0.000182266,23624,0.000104116
23408,0.000182266,23624,0.000104116
23408,0.000182266,23624,0.000104116
23408,0.000182266,23624,0.000104116
23408,0.000182266,23624,0.000104116
23408,0.000182266,23624,0.000104116
23408,0.000182266,23624,0.000104116
23408,0.000182266,23624,0.000104116
23408,0.000182266,23624,0.000104116
23408,0.000182266,23624,0.000104116
23408,0.000182266,23624,0.000104116
23408,0.000182266,23624,0.000104116
23408,0.000182266,23624,0.000104116
23408,0.000182266,23624,0.000104116
23408,0.000182266,23624,0.000104116
23408,0.000182266,23624,0.000104116
23408,0.000182266,23624,0.000104116
23408,0.000182266,23624,0.000104116
23408,0.000182266,23624,0.000104116
23408,0.000182266,23624,0.000104116
23408,0.000182266,23624,0.000104116
23624,0.000104116,23408,0.000182266
23408,0.000182266,23624,0.000104116
23408,0.000182266,23624,0.000104116
23408,0.000182266,23624,0.000104116
23408,0.000182266,23624,0.000104116
23624,0.000104116,23408,0.000182266
23408,0.000182266,23624,0.000104116
23408,0.000182266,23624,0.000104116
23408,0.000182266,23624,0.000104116
23408,0.000182266,23624,0.000104116
23624,0.000104116,23408,0.000182266
23408,0.000182266,23624,0.000104116
23408,0.000182266,23624,0.000104116
23408,0.000182266,23624,0.000104116
23408,0.000182266,23624,0.000104116
23408,0.000182266,23624,0.000104116
23408,0.000182266,23624,0.000104116
23408,0.000182266,23624,0.000104116
23408,0.000182266,23624,0.000104116
23408,0.000182266,23624,0.000104116
23408,0.000182266,23624,0.000104116
23408,0.000182266,23624,0.000104116
23624,0.000104116,23408,0.000182266
23408,0.000182266,23624,0.000104116
23408,0.000182266,23624,0.000104116
23408,0.000182266,23624,0.000104116
23408,0.000182266,23624,0.000104116
23408,0.000182266,23624,0.000104116
23408,0.000182266,23624,0.000104116
23408,0.000182266,23624,0.000104116
23408,0.000182266,23624,0.000104116
23408,0.000182266,23624,0.000104116
23408,0.000182266,23624,0.000104116
23408,0.000182266,23624,0.000104116
23408,0.000182266,23624,0.000104116
23408,0.000182266,23624,0.000104116
23408,0.000182266,23624,0.000104116
23408,0.000182266,23624,0.000104116
23624,0.000104116,23408,0.000182266
23408,0.000182266,23624,0.000104116
23408,0.000182266,23624,0.000104116
23408,0.000182266,23624,0.000104116
23408,0.000182266,23624,0.000104116
23624,0.000104116,23408,0.000182266
23408,0.000182266,23624,0.000104116
23408,0.000182266,23624,0.000104116
23408,0.000182266,23624,0.000104116
23408,0.000182266,23624,0.000104116
23408,0.000182266,23624,0.000104116
23624,0.000104116,23408,0.000182266
23408,0.000182266,23624,0.000104116
23624,0.000104116,23408,0.000182266
23408,0.000182266,23624,0.000104116
23408,0.000182266,23624,0.000104116
23408,0.000182266,23624,0.000104116
23408,0.000182266,23624,0.000104116
23408,0.000182266,23624,0.000104116
23408,0.000182266,23624,0.000104116
23408,0.000182266,23624,0.000104116
23408,0.000182266,23624,0.000104116
23624,0.000104116,23408,0.000182266
23408,0.000182266,23624,0.000104116
23408,0.000182266,23624,0.000104116
23408,0.000182266,23624,0.000104116
23408,0.000182266,23624,0.000104116
23408,0.000182266,23624,0.000104116
23408,0.000182266,23624,0.000104116
23408,0.000182266,23624,0.000104116
23408,0.000182266,23624,0.000104116
23408,0.000182266,23624,0.000104116
23624,0.000104116,23408,0.000182266
23408,0.000182266,23624,0.000104116
23624,0.000104116,23408,0.000182266
23408,0.000182266,23624,0.000104116
23408,0.000182266,23624,0.000104116
23408,0.000182266,23624,0.000104116
23408,0.000182266,23624,0.000104116
23408,0.000182266,23624,0.000104116
23408,0.000182266,23624,0.000104116
23624,0.000104116,23408,0.000182266
23408,0.000182266,23624,0.000104116
23408,0.000182266,23624,0.000104116
23408,0.000182266,23624,0.000104116
23408,0.000182266,23624,0.000104116
23408,0.000182266,23624,0.000104116
23408,0.000182266,23624,0.000104116
23408,0.000182266,23624,0.000104116
23408,0.000182266,23624,0.000104116
23408,0.000182266,23624,0.000104116
23408,0.000182266,23624,0.000104116
23408,0.000182266,23624,0.000104116
23408,0.000182266,23624,0.000104116
23408,0.000182266,23624,0.000104116
23408,0.000182266,23624,0.000104116
23408,0.000182266,23624,0.000104116
23408,0.000182266,23624,0.000104116
23408,0.000182266,23624,0.000104116
23624,0.000104116,23408,0.000182266
23408,0.000182266,23624,0.000104116
23408,0.000182266,23624,0.000104116
23408,0.000182266,23624,0.000104116
23408,0.000182266,23624,0.000104116
23408,0.000182266,23624,0.000104116
23408,0.000182266,23624,0.000104116
23408,0.000182266,23624,0.000104116
23624,0.000104116,23408,0.000182266
23408,0.000182266,23624,0.000104116
23408,0.000182266,23624,0.000104116
23408,0.000182266,23624,0.000104116
23408,0.000182266,23624,0.000104116
23408,0.000182266,23624,0.000104116
23408,0.000182266,23624,0.000104116
23408,0.000182266,23624,0.000104116
23408,0.000182266,23624,0.000104116
23408,0.000182266,23624,0.000104116
23624,0.000104116,23408,0.000182266
23408,0.000182266,23624,0.000104116
23408,0.000182266,23624,0.000104116
23624,0.000104116,23408,0.000182266
23408,0.000182266,23624,0.000104116
23408,0.000182266,23624,0.000104116
23408,0.000182266,23624,0.000104116
23408,0.000182266,23624,0.000104116
23408,0.000182266,23624,0.000104116
23408,0.000182266,23624,0.000104116
23408,0.000182266,23624,0.000104116
23408,0.000182266,23624,0.000104116
23624,0.000104116,23408,0.000182266
23408,0.000182266,23624,0.000104116
23408,0.000182266,23624,0.000104116
23624,0.000104116,23408,0.000182266
23408,0.000182266,23624,0.000104116
23624,0.000104116,23408,0.000182266
23408,0.000182266,23624,0.000104116
23408,0.000182266,23624,0.000104116
23408,0.000182266,23624,0.000104116
23408,0.000182266,23624,0.000104116
23408,0.000182266,23624,0.000104116
23408,0.000182266,23624,0.000104116
23408,0.000182266,23624,0.000104116
23408,0.000182266,23624,0.000104116
23624,0.000104116,23408,0.000182266
23408,0.000182266,23624,0.000104116
23408,0.000182266,23624,0.000104116
23408,0.000182266,23624,0.000104116
23408,0.000182266,23624,0.000104116
23408,0.000182266,23624,0.000104116
23408,0.000182266,23624,0.000104116
23408,0.000182266,23624,0.000104116
23408,0.000182266,23624,0.000104116
23408,0.000182266,23624,0.000104116
23408,0.000182266,23624,0.000104116
23408,0.000182266,23624,0.000104116
23408,0.000182266,23624,0.000104116
23408,0.000182266,23624,0.000104116
23408,0.000182266,23624,0.000104116
23408,0.000182266,23624,0.000104116
23624,0.000104116,23408,0.000182266
23408,0.000182266,23624,0.000104116
23408,0.000182266,23624,0.000104116
23624,0.000104116,23408,0.000182266
23408,0.000182266,23624,0.000104116
23408,0.000182266,23624,0.000104116
23624,0.000104116,23408,0.000182266
23408,0.000182266,23624,0.000104116
23408,0.000182266,23624,0.000104116
23408,0.000182266,23624,0.000104116
23408,0.000182266,23624,0.000104116
23408,0.000182266,23624,0.000104116
23408,0.000182266,23624,0.000104116
23408,0.000182266,23624,0.000104116
23624,0.000104116,23408,0.000182266
23408,0.000182266,23624,0.000104116
23408,0.000182266,23624,0.000104116
23408,0.000182266,23624,0.000104116
23408,0.000182266,23624,0.000104116
23408,0.000182266,23624,0.000104116
23408,0.000182266,23624,0.000104116
23408,0.000182266,23624,0.000104116
23408,0.000182266,23624,0.000104116
23408,0.000182266,23624,0.000104116
23408,0.000182266,23624,0.000104116
23408,0.000182266,23624,0.000104116
23408,0.000182266,23624,0.000104116
23408,0.000182266,23624,0.000104116
23624,0.000104116,23408,0.000182266
23408,0.000182266,23624,0.000104116
23408,0.000182266,23624,0.000104116
23408,0.000182266,23624,0.000104116
23408,0.000182266,23624,0.000104116
23408,0.000182266,23624,0.000104116
23408,0.000182266,23624,0.000104116
23408,0.000182266,23624,0.000104116
23408,0.000182266,23624,0.000104116
23408,0.000182266,23624,0.000104116
23624,0.000104116,23408,0.000182266
23408,0.000182266,23624,0.000104116
23408,0.000182266,23624,0.000104116
23408,0.000182266,23624,0.000104116
23408,0.000182266,23624,0.000104116
23408,0.000182266,23624,0.000104116
23408,0.000182266,23624,0.000104116
23408,0.000182266,23624,0.000104116
23408,0.000182266,23624,0.000104116
23408,0.000182266,23624,0.000104116
23408,0.000182266,23624,0.000104116
23408,0.000182266,23624,0.000104116
23408,0.000182266,23624,0.000104116
23408,0.000182266,23624,0.000104116
23408,0.000182266,23624,0.000104116
23408,0.000182266,23624,0.000104116
23624,0.000104116,23408,0.000182266
23408,0.000182266,23624,0.000104116
23408,0.000182266,23624,0.000104116
23536,0.084912399,23752,0.084971246
23536,0.084912399,23752,0.084971246
23536,0.084912399,23752,0.084971246
23536,0.084912399,23752,0.084971246
23536,0.084912399,23752,0.084971246
23536,0.084912399,23752,0.084971246
23536,0.084912399,23752,0.084971246
23752,0.084971246,23536,0.084912399
23536,0.084912399,23752,0.084971246
23536,0.084912399,23752,0.084971246
23752,0.084971246,23536,0.084912399
23536,0.084912399,23752,0.084971246
23536,0.084912399,23752,0.084971246
23536,0.084912399,23752,0.084971246
23536,0.084912399,23752,0.084971246
23536,0.084912399,23752,0.084971246
23536,0.084912399,23752,0.084971246
23536,0.084912399,23752,0.084971246
23752,0.084971246,23536,0.084912399
23536,0.084912399,23752,0.084971246
23536,0.084912399,23752,0.084971246
23536,0.084912399,23752,0.084971246
23536,0.084912399,23752,0.084971246
23536,0.084912399,23752,0.084971246
23536,0.084912399,23752,0.084971246
23536,0.084912399,23752,0.084971246
23536,0.084912399,23752,0.084971246
23752,0.084971246,23536,0.084912399
23536,0.084912399,23752,0.084971246
23536,0.084912399,23752,0.084971246
23536,0.084912399,23752,0.084971246
23536,0.084912399,23752,0.084971246
23536,0.084912399,23752,0.084971246
23536,0.084912399,23752,0.084971246
23536,0.084912399,23752,0.084971246
23752,0.084971246,23536,0.084912399
23536,0.084912399,23752,0.084971246
23536,0.084912399,23752,0.084971246
23536,0.084912399,23752,0.084971246
23536,0.084912399,23752,0.084971246
23536,0.084912399,23752,0.084971246
23536,0.084912399,23752,0.084971246
23536,0.084912399,23752,0.084971246
23536,0.084912399,23752,0.084971246
23536,0.084912399,23752,0.084971246
23536,0.084912399,23752,0.084971246
23536,0.084912399,23752,0.084971246
23536,0.084912399,23752,0.084971246
23536,0.084912399,23752,0.084971246
23536,0.084912399,23752,0.084971246
23536,0.084912399,23752,0.084971246
23752,0.084971246,23536,0.084912399
23536,0.084912399,23752,0.084971246
23536,0.084912399,23752,0.084971246
23536,0.084912399,23752,0.084971246
23536,0.084912399,23752,0.084971246
23536,0.084912399,23752,0.084971246
23536,0.084912399,23752,0.084971246
23536,0.084912399,23752,0.084971246
23536,0.084912399,23752,0.084971246
23536,0.084912399,23752,0.084971246
23536,0.084912399,23752,0.084971246
23752,0.084971246,23536,0.084912399
23536,0.084912399,23752,0.084971246
23752,0.084971246,23536,0.084912399
23536,0.084912399,23752,0.084971246
23536,0.084912399,23752,0.084971246
23536,0.084912399,23752,0.084971246
23536,0.084912399,23752,0.084971246
23752,0.084971246,23536,0.084912399
23536,0.084912399,23752,0.084971246
23536,0.084912399,23752,0.084971246
23536,0.084912399,23752,0.084971246
23536,0.084912399,23752,0.084971246
23536,0.084912399,23752,0.084971246
23536,0.084912399,23752,0.084971246
23536,0.084912399,23752,0.084971246
23536,0.084912399,23752,0.084971246
23536,0.084912399,23752,0.084971246
23536,0.084912399,23752,0.084971246
23752,0.084971246,23536,0.084912399
23536,0.084912399,23752,0.084971246
23536,0.084912399,23752,0.084971246
23536,0.084912399,23752,0.084971246
23536,0.084912399,23752,0.084971246
23536,0.084912399,23752,0.084971246
23536,0.084912399,23752,0.084971246
23536,0.084912399,23752,0.084971246
23536,0.084912399,23752,0.084971246
23536,0.084912399,23752,0.084971246
23536,0.084912399,23752,0.084971246
23536,0.084912399,23752,0.084971246
23536,0.084912399,23752,0.084971246
23536,0.084912399,23752,0.084971246
23536,0.084912399,23752,0.084971246
23536,0.084912399,23752,0.084971246
23752,0.084971246,23536,0.084912399
23536,0.084912399,23752,0.084971246
23536,0.084912399,23752,0.084971246
23536,0.084912399,23752,0.084971246
23536,0.084912399,23752,0.084971246
23536,0.084912399,23752,0.084971246
23752,0.084971246,23536,0.084912399
23536,0.084912399,23752,0.084971246
23536,0.084912399,23752,0.084971246
23536,0.084912399,23752,0.084971246
23536,0.084912399,23752,0.084971246
23752,0.084971246,23536,0.084912399
23536,0.084912399,23752,0.084971246
23536,0.084912399,23752,0.084971246
23536,0.084912399,23752,0.084971246
23536,0.084912399,23752,0.084971246
23536,0.084912399,23752,0.084971246
23536,0.084912399,23752,0.084971246
23536,0.084912399,23752,0.084971246
23536,0.084912399,23752,0.084971246
23536,0.084912399,23752,0.084971246
23536,0.084912399,23752,0.084971246
23536,0.084912399,23752,0.084971246
23536,0.084912399,23752,0.084971246
23536,0.084912399,23752,0.084971246
23536,0.084912399,23752,0.084971246
23536,0.084912399,23752,0.084971246
23536,0.084912399,23752,0.084971246
23536,0.084912399,23752,0.084971246
23536,0.084912399,23752,0.084971246
23536,0.084912399,23752,0.084971246
23536,0.084912399,23752,0.084971246
23536,0.084912399,23752,0.084971246
23536,0.084912399,23752,0.084971246
23536,0.084912399,23752,0.084971246
23536,0.084912399,23752,0.084971246
23536,0.084912399,23752,0.084971246
23536,0.084912399,23752,0.084971246
23752,0.084971246,23536,0.084912399
23536,0.084912399,23752,0.084971246
23536,0.084912399,23752,0.084971246
23536,0.084912399,23752,0.084971246
23536,0.084912399,23752,0.084971246
23752,0.084971246,23536,0.084912399
23536,0.084912399,23752,0.084971246
23536,0.084912399,23752,0.084971246
23536,0.084912399,23752,0.084971246
23536,0.084912399,23752,0.084971246
23752,0.084971246,23536,0.084912399
23536,0.084912399,23752,0.084971246
23536,0.084912399,23752,0.084971246
23536,0.084912399,23752,0.084971246
23536,0.084912399,23752,0.084971246
23536,0.084912399,23752,0.084971246
23752,0.084971246,23536,0.084912399
23536,0.084912399,23752,0.084971246
23536,0.084912399,23752,0.084971246
23536,0.084912399,23752,0.084971246
23536,0.084912399,23752,0.084971246
23536,0.084912399,23752,0.084971246
23536,0.084912399,23752,0.084971246
23536,0.084912399,23752,0.084971246
23536,0.084912399,23752,0.084971246
23536,0.084912399,23752,0.084971246
23536,0.084912399,23752,0.084971246
23536,0.084912399,23752,0.084971246
23536,0.084912399,23752,0.084971246
23536,0.084912399,23752,0.084971246
23536,0.084912399,23752,0.084971246
23536,0.084912399,23752,0.084971246
23536,0.084912399,23752,0.084971246
23536,0.084912399,23752,0.084971246
23752,0.084971246,23536,0.084912399
23536,0.084912399,23752,0.084971246
23536,0.084912399,23752,0.084971246
23752,0.084971246,23536,0.084912399
23536,0.084912399,23752,0.084971246
23536,0.084912399,23752,0.084971246
23536,0.084912399,23752,0.084971246
23752,0.084971246,23536,0.084912399
23536,0.084912399,23752,0.084971246
23536,0.084912399,23752,0.084971246
23536,0.084912399,23752,0.084971246
23536,0.084912399,23752,0.084971246
23536,0.084912399,23752,0.084971246
23536,0.084912399,23752,0.084971246
23536,0.084912399,23752,0.084971246
23536,0.084912399,23752,0.084971246
23536,0.084912399,23752,0.084971246
23752,0.084971246,23536,0.084912399
23536,0.084912399,23752,0.084971246
23536,0.084912399,23752,0.084971246
23536,0.084912399,23752,0.084971246
23536,0.084912399,23752,0.084971246
23536,0.084912399,23752,0.084971246
23536,0.084912399,23752,0.084971246
23536,0.084912399,23752,0.084971246
23536,0.084912399,23752,0.084971246
23536,0.084912399,23752,0.084971246
23536,0.084912399,23752,0.084971246
23536,0.084912399,23752,0.084971246
23536,0.084912399,23752,0.084971246
23536,0.084912399,23752,0.084971246
23536,0.084912399,23752,0.084971246
23536,0.084912399,23752,0.084971246
23536,0.084912399,23752,0.084971246
23536,0.084912399,23752,0.084971246
23536,0.084912399,23752,0.084971246
23536,0.084912399,23752,0.084971246
23536,0.084912399,23752,0.084971246
23536,0.084912399,23752,0.084971246
23536,0.084912399,23752,0.084971246
23536,0.084912399,23752,0.084971246
23752,0.084971246,23536,0.084912399
23536,0.084912399,23752,0.084971246
23536,0.084912399,23752,0.084971246
23536,0.084912399,23752,0.084971246
23536,0.084912399,23752,0.084971246
23536,0.084912399,23752,0.084971246
23536,0.084912399,23752,0.084971246
23536,0.084912399,23752,0.084971246
23752,0.084971246,23536,0.084912399
23536,0.084912399,23752,0.084971246
23536,0.084912399,23752,0.084971246
23536,0.084912399,23752,0.084971246
23536,0.084912399,23752,0.084971246
23536,0.084912399,23752,0.084971246
23536,0.084912399,23752,0.084971246
23536,0.084912399,23752,0.084971246
23536,0.084912399,23752,0.084971246
23536,0.084912399,23752,0.084971246
23536,0.084912399,23752,0.084971246
23536,0.084912399,23752,0.084971246
23536,0.084912399,23752,0.084971246
23536,0.084912399,23752,0.084971246
23536,0.084912399,23752,0.084971246
23536,0.084912399,23752,0.084971246
23536,0.084912399,23752,0.084971246
23536,0.084912399,23752,0.084971246
23536,0.084912399,23752,0.084971246
23536,0.084912399,23752,0.084971246
23536,0.084912399,23752,0.084971246
23536,0.084912399,23752,0.084971246
23536,0.084912399,23752,0.084971246
23536,0.084912399,23752,0.084971246
23752,0.084971246,23536,0.084912399
23536,0.084912399,23752,0.084971246
23536,0.084912399,23752,0.084971246
23536,0.084912399,23752,0.084971246
23752,0.084971246,23536,0.084912399
23536,0.084912399,23752,0.084971246
23536,0.084912399,23752,0.084971246
23536,0.084912399,23752,0.084971246
23536,0.084912399,23752,0.084971246
23536,0.084912399,23752,0.084971246
23536,0.084912399,23752,0.084971246
23536,0.084912399,23752,0.084971246
23536,0.084912399,23752,0.084971246
23536,0.084912399,23752,0.084971246
23536,0.084912399,23752,0.084971246
23536,0.084912399,23752,0.084971246
23752,0.084971246,23536,0.084912399
23536,0.084912399,23752,0.084971246
23536,0.084912399,23752,0.084971246
23536,0.084912399,23752,0.084971246
23536,0.084912399,23752,0.084971246
23536,0.084912399,23752,0.084971246
23536,0.084912399,23752,0.084971246
23536,0.084912399,23752,0.084971246
23536,0.084912399,23752,0.084971246
23536,0.084912399,23752,0.084971246
23536,0.084912399,23752,0.084971246
23536,0.084912399,23752,0.084971246
23536,0.084912399,23752,0.084971246
23536,0.084912399,23752,0.084971246
23536,0.084912399,23752,0.084971246
23536,0.084912399,23752,0.084971246
23536,0.084912399,23752,0.084971246
23536,0.084912399,23752,0.084971246
23536,0.084912399,23752,0.084971246
23536,0.084912399,23752,0.084971246
23536,0.084912399,23752,0.084971246
23536,0.084912399,23752,0.084971246
23752,0.084971246,23536,0.084912399
23752,0.084971246,23536,0.084912399
23536,0.084912399,23752,0.084971246
23536,0.084912399,23752,0.084971246
23752,0.084971246,23536,0.084912399
23536,0.084912399,23752,0.084971246
23536,0.084912399,23752,0.084971246
23536,0.084912399,23752,0.084971246
23536,0.084912399,23752,0.084971246
23536,0.084912399,23752,0.084971246
23536,0.084912399,23752,0.084971246
23536,0.084912399,23752,0.084971246
23536,0.084912399,23752,0.084971246
23752,0.084971246,23536,0.084912399
23536,0.084912399,23752,0.084971246
23536,0.084912399,23752,0.084971246
23536,0.084912399,23752,0.084971246
23536,0.084912399,23752,0.084971246
23536,0.084912399,23752,0.084971246
23536,0.084912399,23752,0.084971246
23752,0.084971246,23536,0.084912399
23536,0.084912399,23752,0.084971246
23536,0.084912399,23752,0.084971246
23536,0.084912399,23752,0.084971246
23752,0.084971246,23536,0.084912399
23536,0.084912399,23752,0.084971246
23536,0.084912399,23752,0.084971246
23536,0.084912399,23752,0.084971246
23536,0.084912399,23752,0.084971246
23536,0.084912399,23752,0.084971246
23536,0.084912399,23752,0.084971246
23536,0.084912399,23752,0.084971246
23752,0.084971246,23536,0.084912399
23536,0.084912399,23752,0.084971246
23536,0.084912399,23752,0.084971246
23536,0.084912399,23752,0.084971246
23536,0.084912399,23752,0.084971246
23536,0.084912399,23752,0.084971246
23752,0.084971246,23536,0.084912399
23536,0.084912399,23752,0.084971246
23536,0.084912399,23752,0.084971246
23536,0.084912399,23752,0.084971246
23536,0.084912399,23752,0.084971246
23536,0.084912399,23752,0.084971246
23536,0.084912399,23752,0.084971246
23536,0.084912399,23752,0.084971246
23536,0.084912399,23752,0.084971246
23536,0.084912399,23752,0.084971246
23536,0.084912399,23752,0.084971246
23536,0.084912399,23752,0.084971246
23536,0.084912399,23752,0.084971246
23536,0.084912399,23752,0.084971246
23536,0.084912399,23752,0.084971246
23536,0.084912399,23752,0.084971246
23536,0.084912399,23752,0.084971246
23536,0.084912399,23752,0.084971246
23536,0.084912399,23752,0.084971246
23536,0.084912399,23752,0.084971246
23536,0.084912399,23752,0.084971246
23536,0.084912399,23752,0.084971246
23536,0.084912399,23752,0.084971246
23536,0.084912399,23752,0.084971246
23536,0.084912399,23752,0.084971246
23536,0.084912399,23752,0.084971246
23536,0.084912399,23752,0.084971246
23536,0.084912399,23752,0.084971246
23536,0.084912399,23752,0.084971246
23536,0.084912399,23752,0.084971246
23536,0.084912399,23752,0.084971246
23536,0.084912399,23752,0.084971246
23536,0.084912399,23752,0.084971246
23536,0.084912399,23752,0.084971246
23536,0.084912399,23752,0.084971246
23536,0.084912399,23752,0.084971246
23536,0.084912399,23752,0.084971246
23536,0.084912399,23752,0.084971246
23536,0.084912399,23752,0.084971246
23536,0.084912399,23752,0.084971246
23536,0.084912399,23752,0.084971246
23752,0.084971246,23536,0.084912399
23536,0.084912399,23752,0.084971246
23536,0.084912399,23752,0.084971246
23536,0.084912399,23752,0.084971246
23752,0.084971246,23536,0.084912399
23536,0.084912399,23752,0.084971246
23752,0.084971246,23536,0.084912399
23536,0.084912399,23752,0.084971246
23536,0.084912399,23752,0.084971246
23536,0.084912399,23752,0.084971246
23536,0.084912399,23752,0.084971246
23752,0.084971246,23536,0.084912399
23536,0.084912399,23752,0.084971246
23536,0.084912399,23752,0.084971246
23752,0.084971246,23536,0.084912399
23536,0.084912399,23752,0.084971246
23536,0.084912399,23752,0.084971246
23536,0.084912399,23752,0.084971246
23536,0.084912399,23752,0.084971246
23536,0.084912399,23752,0.084971246
23536,0.084912399,23752,0.084971246
23536,0.084912399,23752,0.084971246
23752,0.084971246,23536,0.084912399
23536,0.084912399,23752,0.084971246
23752,0.084971246,23536,0.084912399
23536,0.084912399,23752,0.084971246
23536,0.084912399,23752,0.084971246
23536,0.084912399,23752,0.084971246
23536,0.084912399,23752,0.084971246
23536,0.084912399,23752,0.084971246
23536,0.084912399,23752,0.084971246
23752,0.084971246,23536,0.084912399
23536,0.084912399,23752,0.084971246
23536,0.084912399,23752,0.084971246
23536,0.084912399,23752,0.084971246
23536,0.084912399,23752,0.084971246
23536,0.084912399,23752,0.084971246
23536,0.084912399,23752,0.084971246
23536,0.084912399,23752,0.084971246
23536,0.084912399,23752,0.084971246
23536,0.084912399,23752,0.084971246
23536,0.084912399,23752,0.084971246
23752,0.084971246,23536,0.084912399
23536,0.084912399,23752,0.084971246
23536,0.084912399,23752,0.084971246
23536,0.084912399,23752,0.084971246
23752,0.084971246,23536,0.084912399
23536,0.084912399,23752,0.084971246
23536,0.084912399,23752,0.084971246
23536,0.084912399,23752,0.084971246
23536,0.084912399,23752,0.084971246
23536,0.084912399,23752,0.084971246
23752,0.084971246,23536,0.084912399
23536,0.084912399,23752,0.084971246
23536,0.084912399,23752,0.084971246
23536,0.084912399,23752,0.084971246
23536,0.084912399,23752,0.084971246
23536,0.084912399,23752,0.084971246
23536,0.084912399,23752,0.084971246
23536,0.084912399,23752,0.084971246
23536,0.084912399,23752,0.084971246
23536,0.084912399,23752,0.084971246
23536,0.084912399,23752,0.084971246
23536,0.084912399,23752,0.084971246
23536,0.084912399,23752,0.084971246
23536,0.084912399,23752,0.084971246
23752,0.084971246,23536,0.084912399
23536,0.084912399,23752,0.084971246
23536,0.084912399,23752,0.084971246
23536,0.084912399,23752,0.084971246
23536,0.084912399,23752,0.084971246
23536,0.084912399,23752,0.084971246
23536,0.084912399,23752,0.084971246
23536,0.084912399,23752,0.084971246
23536,0.084912399,23752,0.084971246
23536,0.084912399,23752,0.084971246
23536,0.084912399,23752,0.084971246
23536,0.084912399,23752,0.084971246
23536,0.084912399,23752,0.084971246
23536,0.084912399,23752,0.084971246
23536,0.084912399,23752,0.084971246
23536,0.084912399,23752,0.084971246
23536,0.084912399,23752,0.084971246
23536,0.084912399,23752,0.084971246
23536,0.084912399,23752,0.084971246
23536,0.084912399,23752,0.084971246
23536,0.084912399,23752,0.084971246
23536,0.084912399,23752,0.084971246
23536,0.084912399,23752,0.084971246
23536,0.084912399,23752,0.084971246
23536,0.084912399,23752,0.084971246
23536,0.084912399,23752,0.084971246
23536,0.084912399,23752,0.084971246
23536,0.084912399,23752,0.084971246
23536,0.084912399,23752,0.084971246
23536,0.084912399,23752,0.084971246
23536,0.084912399,23752,0.084971246
23536,0.084912399,23752,0.084971246
23536,0.084912399,23752,0.084971246
23536,0.084912399,23752,0.084971246
23536,0.084912399,23752,0.084971246
23536,0.084912399,23752,0.084971246
23752,0.084971246,23536,0.084912399
23752,0.084971246,23536,0.084912399
23536,0.084912399,23752,0.084971246
23752,0.084971246,23536,0.084912399
23536,0.084912399,23752,0.084971246
23536,0.084912399,23752,0.084971246
23536,0.084912399,23752,0.084971246
23536,0.084912399,23752,0.084971246
23536,0.084912399,23752,0.084971246
23536,0.084912399,23752,0.084971246
23536,0.084912399,23752,0.084971246
23536,0.084912399,23752,0.084971246
23536,0.084912399,23752,0.084971246
23536,0.084912399,23752,0.084971246
23536,0.084912399,23752,0.084971246
23536,0.084912399,23752,0.084971246
23752,0.084971246,23536,0.084912399
23536,0.084912399,23752,0.084971246
23536,0.084912399,23752,0.084971246
23536,0.084912399,23752,0.084971246
23536,0.084912399,23752,0.084971246
23536,0.084912399,23752,0.084971246
23536,0.084912399,23752,0.084971246
23536,0.084912399,23752,0.084971246
23536,0.084912399,23752,0.084971246
23536,0.084912399,23752,0.084971246
23536,0.084912399,23752,0.084971246
23536,0.084912399,23752,0.084971246
23752,0.084971246,23536,0.084912399
23536,0.084912399,23752,0.084971246
23536,0.084912399,23752,0.084971246
23536,0.084912399,23752,0.084971246
23536,0.084912399,23752,0.084971246
23536,0.084912399,23752,0.084971246
23536,0.084912399,23752,0.084971246
23536,0.084912399,23752,0.084971246
23536,0.084912399,23752,0.084971246
23536,0.084912399,23752,0.084971246
23752,0.084971246,23536,0.084912399
23752,0.084971246,23536,0.084912399
23536,0.084912399,23752,0.084971246
23536,0.084912399,23752,0.084971246
23536,0.084912399,23752,0.084971246
23536,0.084912399,23752,0.084971246
23536,0.084912399,23752,0.084971246
23536,0.084912399,23752,0.084971246
23536,0.084912399,23752,0.084971246
23536,0.084912399,23752,0.084971246
23536,0.084912399,23752,0.084971246
23536,0.084912399,23752,0.084971246
23536,0.084912399,23752,0.084971246
23536,0.084912399,23752,0.084971246
23536,0.084912399,23752,0.084971246
23536,0.084912399,23752,0.084971246
23752,0.084971246,23536,0.084912399
23536,0.084912399,23752,0.084971246
23536,0.084912399,23752,0.084971246
23536,0.084912399,23752,0.084971246
23536,0.084912399,23752,0.084971246
23536,0.084912399,23752,0.084971246
23536,0.084912399,23752,0.084971246
23536,0.084912399,23752,0.084971246
23536,0.084912399,23752,0.084971246
23752,0.084971246,23536,0.084912399
23752,0.084971246,23536,0.084912399
23536,0.084912399,23752,0.084971246
23536,0.084912399,23752,0.084971246
23536,0.084912399,23752,0.084971246
23536,0.084912399,23752,0.084971246
23536,0.084912399,23752,0.084971246
23536,0.084912399,23752,0.084971246
23536,0.084912399,23752,0.084971246
23536,0.084912399,23752,0.084971246
23536,0.084912399,23752,0.084971246
23536,0.084912399,23752,0.084971246
23536,0.084912399,23752,0.084971246
23536,0.084912399,23752,0.084971246
23536,0.084912399,23752,0.084971246
23536,0.084912399,23752,0.084971246
23536,0.084912399,23752,0.084971246
23752,0.084971246,23536,0.084912399
23536,0.084912399,23752,0.084971246
23536,0.084912399,23752,0.084971246
23536,0.084912399,23752,0.084971246
23536,0.084912399,23752,0.084971246
23536,0.084912399,23752,0.084971246
23536,0.084912399,23752,0.084971246
23536,0.084912399,23752,0.084971246
23752,0.084971246,23536,0.084912399
23536,0.084912399,23752,0.084971246
23536,0.084912399,23752,0.084971246
23536,0.084912399,23752,0.084971246
23536,0.084912399,23752,0.084971246
23536,0.084912399,23752,0.084971246
23536,0.084912399,23752,0.084971246
23536,0.084912399,23752,0.084971246
23536,0.084912399,23752,0.084971246
23536,0.084912399,23752,0.084971246
23752,0.084971246,23536,0.084912399
23536,0.084912399,23752,0.084971246
23536,0.084912399,23752,0.084971246
23536,0.084912399,23752,0.084971246
23536,0.084912399,23752,0.084971246
23536,0.084912399,23752,0.084971246
23536,0.084912399,23752,0.084971246
23536,0.084912399,23752,0.084971246
23536,0.084912399,23752,0.084971246
23584,0.245372268,23792,0.245687933
23584,0.245372268,23792,0.245687933
23584,0.245372268,23792,0.245687933
23584,0.245372268,23792,0.245687933
23584,0.245372268,23792,0.245687933
23584,0.245372268,23792,0.245687933
23584,0.245372268,23792,0.245687933
23792,0.245687933,23584,0.245372268
23584,0.245372268,23792,0.245687933
23584,0.245372268,23792,0.245687933
23584,0.245372268,23792,0.245687933
23584,0.245372268,23792,0.245687933
23584,0.245372268,23792,0.245687933
23584,0.245372268,23792,0.245687933
23584,0.245372268,23792,0.245687933
23584,0.245372268,23792,0.245687933
23584,0.245372268,23792,0.245687933
23584,0.245372268,23792,0.245687933
23584,0.245372268,23792,0.245687933
23792,0.245687933,23584,0.245372268
23584,0.245372268,23792,0.245687933
23584,0.245372268,23792,0.245687933
23584,0.245372268,23792,0.245687933
23584,0.245372268,23792,0.245687933
23584,0.245372268,23792,0.245687933
23584,0.245372268,23792,0.245687933
23584,0.245372268,23792,0.245687933
23584,0.245372268,23792,0.245687933
23584,0.245372268,23792,0.245687933
23584,0.245372268,23792,0.245687933
23584,0.245372268,23792,0.245687933
23584,0.245372268,23792,0.245687933
23584,0.245372268,23792,0.245687933
23584,0.245372268,23792,0.245687933
23584,0.245372268,23792,0.245687933
23584,0.245372268,23792,0.245687933
23584,0.245372268,23792,0.245687933
23584,0.245372268,23792,0.245687933
23584,0.245372268,23792,0.245687933
23584,0.245372268,23792,0.245687933
23584,0.245372268,23792,0.245687933
23584,0.245372268,23792,0.245687933
23584,0.245372268,23792,0.245687933
23792,0.245687933,23584,0.245372268
23584,0.245372268,23792,0.245687933
23584,0.245372268,23792,0.245687933
23584,0.245372268,23792,0.245687933
23584,0.245372268,23792,0.245687933
23584,0.245372268,23792,0.245687933
23584,0.245372268,23792,0.245687933
23584,0.245372268,23792,0.245687933
23584,0.245372268,23792,0.245687933
23584,0.245372268,23792,0.245687933
23792,0.245687933,23584,0.245372268
23584,0.245372268,23792,0.245687933
23584,0.245372268,23792,0.245687933
23584,0.245372268,23792,0.245687933
23584,0.245372268,23792,0.245687933
23584,0.245372268,23792,0.245687933
23584,0.245372268,23792,0.245687933
23584,0.245372268,23792,0.245687933
23584,0.245372268,23792,0.245687933
23584,0.245372268,23792,0.245687933
23584,0.245372268,23792,0.245687933
23584,0.245372268,23792,0.245687933
23584,0.245372268,23792,0.245687933
23584,0.245372268,23792,0.245687933
23584,0.245372268,23792,0.245687933
23584,0.245372268,23792,0.245687933
23584,0.245372268,23792,0.245687933
23584,0.245372268,23792,0.245687933
23584,0.245372268,23792,0.245687933
23584,0.245372268,23792,0.245687933
23584,0.245372268,23792,0.245687933
23584,0.245372268,23792,0.245687933
23584,0.245372268,23792,0.245687933
23584,0.245372268,23792,0.245687933
23584,0.245372268,23792,0.245687933
23584,0.245372268,23792,0.245687933
23792,0.245687933,23584,0.245372268
23792,0.245687933,23584,0.245372268
23584,0.245372268,23792,0.245687933
23792,0.245687933,23584,0.245372268
23792,0.245687933,23584,0.245372268
23584,0.245372268,23792,0.245687933
23584,0.245372268,23792,0.245687933
23584,0.245372268,23792,0.245687933
23584,0.245372268,23792,0.245687933
23584,0.245372268,23792,0.245687933
23792,0.245687933,23584,0.245372268
23584,0.245372268,23792,0.245687933
23584,0.245372268,23792,0.245687933
23584,0.245372268,23792,0.245687933
23584,0.245372268,23792,0.245687933
23792,0.245687933,23584,0.245372268
23792,0.245687933,23584,0.245372268
23584,0.245372268,23792,0.245687933
23584,0.245372268,23792,0.245687933
23584,0.245372268,23792,0.245687933
23584,0.245372268,23792,0.245687933
23584,0.245372268,23792,0.245687933
23584,0.245372268,23792,0.245687933
23792,0.245687933,23584,0.245372268
23584,0.245372268,23792,0.245687933
23584,0.245372268,23792,0.245687933
23584,0.245372268,23792,0.245687933
23584,0.245372268,23792,0.245687933
23584,0.245372268,23792,0.245687933
23584,0.245372268,23792,0.245687933
23584,0.245372268,23792,0.245687933
23584,0.245372268,23792,0.245687933
23584,0.245372268,23792,0.245687933
23584,0.245372268,23792,0.245687933
23584,0.245372268,23792,0.245687933
23584,0.245372268,23792,0.245687933
23584,0.245372268,23792,0.245687933
23584,0.245372268,23792,0.245687933
23584,0.245372268,23792,0.245687933
23584,0.245372268,23792,0.245687933
23584,0.245372268,23792,0.245687933
23584,0.245372268,23792,0.245687933
23792,0.245687933,23584,0.245372268
23792,0.245687933,23584,0.245372268
23792,0.245687933,23584,0.245372268
23584,0.245372268,23792,0.245687933
23584,0.245372268,23792,0.245687933
23584,0.245372268,23792,0.245687933
23584,0.245372268,23792,0.245687933
23584,0.245372268,23792,0.245687933
23792,0.245687933,23584,0.245372268
23584,0.245372268,23792,0.245687933
23584,0.245372268,23792,0.245687933
23584,0.245372268,23792,0.245687933
23792,0.245687933,23584,0.245372268
23792,0.245687933,23584,0.245372268
23792,0.245687933,23584,0.245372268
23792,0.245687933,23584,0.245372268
23792,0.245687933,23584,0.245372268
23584,0.245372268,23792,0.245687933
23584,0.245372268,23792,0.245687933
23584,0.245372268,23792,0.245687933
23584,0.245372268,23792,0.245687933
23584,0.245372268,23792,0.245687933
23584,0.245372268,23792,0.245687933
23584,0.245372268,23792,0.245687933
23584,0.245372268,23792,0.245687933
23584,0.245372268,23792,0.245687933
23584,0.245372268,23792,0.245687933
23584,0.245372268,23792,0.245687933
23584,0.245372268,23792,0.245687933
23584,0.245372268,23792,0.245687933
23584,0.245372268,23792,0.245687933
23584,0.245372268,23792,0.245687933
23584,0.245372268,23792,0.245687933
23792,0.245687933,23584,0.245372268
23584,0.245372268,23792,0.245687933
23584,0.245372268,23792,0.245687933
23584,0.245372268,23792,0.245687933
23584,0.245372268,23792,0.245687933
23584,0.245372268,23792,0.245687933
23792,0.245687933,23584,0.245372268
23584,0.245372268,23792,0.245687933
23584,0.245372268,23792,0.245687933
23584,0.245372268,23792,0.245687933
23792,0.245687933,23584,0.245372268
23584,0.245372268,23792,0.245687933
23792,0.245687933,23584,0.245372268
23584,0.245372268,23792,0.245687933
23584,0.245372268,23792,0.245687933
23584,0.245372268,23792,0.245687933
23584,0.245372268,23792,0.245687933
23584,0.245372268,23792,0.245687933
23584,0.245372268,23792,0.245687933
23584,0.245372268,23792,0.245687933
23792,0.245687933,23584,0.245372268
23584,0.245372268,23792,0.245687933
23584,0.245372268,23792,0.245687933
23584,0.245372268,23792,0.245687933
23584,0.245372268,23792,0.245687933
23584,0.245372268,23792,0.245687933
23792,0.245687933,23584,0.245372268
23584,0.245372268,23792,0.245687933
23792,0.245687933,23584,0.245372268
23584,0.245372268,23792,0.245687933
23584,0.245372268,23792,0.245687933
23584,0.245372268,23792,0.245687933
23584,0.245372268,23792,0.245687933
23584,0.245372268,23792,0.245687933
23584,0.245372268,23792,0.245687933
23792,0.245687933,23584,0.245372268
23584,0.245372268,23792,0.245687933
23584,0.245372268,23792,0.245687933
23584,0.245372268,23792,0.245687933
23584,0.245372268,23792,0.245687933
23584,0.245372268,23792,0.245687933
23584,0.245372268,23792,0.245687933
23584,0.245372268,23792,0.245687933
23584,0.245372268,23792,0.245687933
23584,0.245372268,23792,0.245687933
23584,0.245372268,23792,0.245687933
23584,0.245372268,23792,0.245687933
23584,0.245372268,23792,0.245687933
23584,0.245372268,23792,0.245687933
23584,0.245372268,23792,0.245687933
23584,0.245372268,23792,0.245687933
23584,0.245372268,23792,0.245687933
23584,0.245372268,23792,0.245687933
23584,0.245372268,23792,0.245687933
23584,0.245372268,23792,0.245687933
23584,0.245372268,23792,0.245687933
23584,0.245372268,23792,0.245687933
23584,0.245372268,23792,0.245687933
23792,0.245687933,23584,0.245372268
23584,0.245372268,23792,0.245687933
23584,0.245372268,23792,0.245687933
23584,0.245372268,23792,0.245687933
23584,0.245372268,23792,0.245687933
23584,0.245372268,23792,0.245687933
23584,0.245372268,23792,0.245687933
23584,0.245372268,23792,0.245687933
23584,0.245372268,23792,0.245687933
23584,0.245372268,23792,0.245687933
23584,0.245372268,23792,0.245687933
23792,0.245687933,23584,0.245372268
23584,0.245372268,23792,0.245687933
23584,0.245372268,23792,0.245687933
23584,0.245372268,23792,0.245687933
23584,0.245372268,23792,0.245687933
23584,0.245372268,23792,0.245687933
23584,0.245372268,23792,0.245687933
23584,0.245372268,23792,0.245687933
23584,0.245372268,23792,0.245687933
23584,0.245372268,23792,0.245687933
23584,0.245372268,23792,0.245687933
23584,0.245372268,23792,0.245687933
23792,0.245687933,23584,0.245372268
23584,0.245372268,23792,0.245687933
23584,0.245372268,23792,0.245687933
23584,0.245372268,23792,0.245687933
23584,0.245372268,23792,0.245687933
23792,0.245687933,23584,0.245372268
23584,0.245372268,23792,0.245687933
23584,0.245372268,23792,0.245687933
23792,0.245687933,23584,0.245372268
23792,0.245687933,23584,0.245372268
23792,0.245687933,23584,0.245372268
23584,0.245372268,23792,0.245687933
23584,0.245372268,23792,0.245687933
23792,0.245687933,23584,0.245372268
23584,0.245372268,23792,0.245687933
23584,0.245372268,23792,0.245687933
23792,0.245687933,23584,0.245372268
23584,0.245372268,23792,0.245687933
23584,0.245372268,23792,0.245687933
23584,0.245372268,23792,0.245687933
23584,0.245372268,23792,0.245687933
23584,0.245372268,23792,0.245687933
23584,0.245372268,23792,0.245687933
23584,0.245372268,23792,0.245687933
23584,0.245372268,23792,0.245687933
23584,0.245372268,23792,0.245687933
23584,0.245372268,23792,0.245687933
23584,0.245372268,23792,0.245687933
23584,0.245372268,23792,0.245687933
23584,0.245372268,23792,0.245687933
23584,0.245372268,23792,0.245687933
23584,0.245372268,23792,0.245687933
23584,0.245372268,23792,0.245687933
23584,0.245372268,23792,0.245687933
23584,0.245372268,23792,0.245687933
23584,0.245372268,23792,0.245687933
23584,0.245372268,23792,0.245687933
23584,0.245372268,23792,0.245687933
23584,0.245372268,23792,0.245687933
23584,0.245372268,23792,0.245687933
23584,0.245372268,23792,0.245687933
23584,0.245372268,23792,0.245687933
23792,0.245687933,23584,0.245372268
23584,0.245372268,23792,0.245687933
23584,0.245372268,23792,0.245687933
23584,0.245372268,23792,0.245687933
23584,0.245372268,23792,0.245687933
23584,0.245372268,23792,0.245687933
23584,0.245372268,23792,0.245687933
23584,0.245372268,23792,0.245687933
23584,0.245372268,23792,0.245687933
23584,0.245372268,23792,0.245687933
23584,0.245372268,23792,0.245687933
23584,0.245372268,23792,0.245687933
23584,0.245372268,23792,0.245687933
23792,0.245687933,23584,0.245372268
23584,0.245372268,23792,0.245687933
23792,0.245687933,23584,0.245372268
23584,0.245372268,23792,0.245687933
23584,0.245372268,23792,0.245687933
23584,0.245372268,23792,0.245687933
23584,0.245372268,23792,0.245687933
23584,0.245372268,23792,0.245687933
23584,0.245372268,23792,0.245687933
23584,0.245372268,23792,0.245687933
23584,0.245372268,23792,0.245687933
23792,0.245687933,23584,0.245372268
23792,0.245687933,23584,0.245372268
23584,0.245372268,23792,0.245687933
23584,0.245372268,23792,0.245687933
23584,0.245372268,23792,0.245687933
23584,0.245372268,23792,0.245687933
23584,0.245372268,23792,0.245687933
23584,0.245372268,23792,0.245687933
23584,0.245372268,23792,0.245687933
23584,0.245372268,23792,0.245687933
23584,0.245372268,23792,0.245687933
23584,0.245372268,23792,0.245687933
23584,0.245372268,23792,0.245687933
23584,0.245372268,23792,0.245687933
23584,0.245372268,23792,0.245687933
23584,0.245372268,23792,0.245687933
23584,0.245372268,23792,0.245687933
23584,0.245372268,23792,0.245687933
23792,0.245687933,23584,0.245372268
23792,0.245687933,23584,0.245372268
23584,0.245372268,23792,0.245687933
23584,0.245372268,23792,0.245687933
23584,0.245372268,23792,0.245687933
23584,0.245372268,23792,0.245687933
23792,0.245687933,23584,0.245372268
23584,0.245372268,23792,0.245687933
23584,0.245372268,23792,0.245687933
23584,0.245372268,23792,0.245687933
23792,0.245687933,23584,0.245372268
23584,0.245372268,23792,0.245687933
23792,0.245687933,23584,0.245372268
23584,0.245372268,23792,0.245687933
23584,0.245372268,23792,0.245687933
23584,0.245372268,23792,0.245687933
23584,0.245372268,23792,0.245687933
23584,0.245372268,23792,0.245687933
23584,0.245372268,23792,0.245687933
23584,0.245372268,23792,0.245687933
23584,0.245372268,23792,0.245687933
23584,0.245372268,23792,0.245687933
23584,0.245372268,23792,0.245687933
23584,0.245372268,23792,0.245687933
23584,0.245372268,23792,0.245687933
23584,0.245372268,23792,0.245687933
23584,0.245372268,23792,0.245687933
23584,0.245372268,23792,0.245687933
23584,0.245372268,23792,0.245687933
23792,0.245687933,23584,0.245372268
23584,0.245372268,23792,0.245687933
23584,0.245372268,23792,0.245687933
23584,0.245372268,23792,0.245687933
23584,0.245372268,23792,0.245687933
23584,0.245372268,23792,0.245687933
23584,0.245372268,23792,0.245687933
23584,0.245372268,23792,0.245687933
23792,0.245687933,23584,0.245372268
23584,0.245372268,23792,0.245687933
23584,0.245372268,23792,0.245687933
23584,0.245372268,23792,0.245687933
23792,0.245687933,23584,0.245372268
23584,0.245372268,23792,0.245687933
23584,0.245372268,23792,0.245687933
23584,0.245372268,23792,0.245687933
23584,0.245372268,23792,0.245687933
23584,0.245372268,23792,0.245687933
23584,0.245372268,23792,0.245687933
23584,0.245372268,23792,0.245687933
23584,0.245372268,23792,0.245687933
23584,0.245372268,23792,0.245687933
23584,0.245372268,23792,0.245687933
23792,0.245687933,23584,0.245372268
23584,0.245372268,23792,0.245687933
23584,0.245372268,23792,0.245687933
23584,0.245372268,23792,0.245687933
23584,0.245372268,23792,0.245687933
23584,0.245372268,23792,0.245687933
23584,0.245372268,23792,0.245687933
23584,0.245372268,23792,0.245687933
23584,0.245372268,23792,0.245687933
23584,0.245372268,23792,0.245687933
23584,0.245372268,23792,0.245687933
23584,0.245372268,23792,0.245687933
23584,0.245372268,23792,0.245687933
23584,0.245372268,23792,0.245687933
23584,0.245372268,23792,0.245687933
23584,0.245372268,23792,0.245687933
23584,0.245372268,23792,0.245687933
23584,0.245372268,23792,0.245687933
23584,0.245372268,23792,0.245687933
23584,0.245372268,23792,0.245687933
23792,0.245687933,23584,0.245372268
23584,0.245372268,23792,0.245687933
23792,0.245687933,23584,0.245372268
23584,0.245372268,23792,0.245687933
23584,0.245372268,23792,0.245687933
23584,0.245372268,23792,0.245687933
23584,0.245372268,23792,0.245687933
23584,0.245372268,23792,0.245687933
23584,0.245372268,23792,0.245687933
23584,0.245372268,23792,0.245687933
23584,0.245372268,23792,0.245687933
23584,0.245372268,23792,0.245687933
23584,0.245372268,23792,0.245687933
23792,0.245687933,23584,0.245372268
23584,0.245372268,23792,0.245687933
23584,0.245372268,23792,0.245687933
23584,0.245372268,23792,0.245687933
23584,0.245372268,23792,0.245687933
23584,0.245372268,23792,0.245687933
23584,0.245372268,23792,0.245687933
23792,0.245687933,23584,0.245372268
23584,0.245372268,23792,0.245687933
23584,0.245372268,23792,0.245687933
23584,0.245372268,23792,0.245687933
23584,0.245372268,23792,0.245687933
23584,0.245372268,23792,0.245687933
23584,0.245372268,23792,0.245687933
23584,0.245372268,23792,0.245687933
23584,0.245372268,23792,0.245687933
23792,0.245687933,23584,0.245372268
23584,0.245372268,23792,0.245687933
23584,0.245372268,23792,0.245687933
23584,0.245372268,23792,0.245687933
23584,0.245372268,23792,0.245687933
23584,0.245372268,23792,0.245687933
23584,0.245372268,23792,0.245687933
23792,0.245687933,23584,0.245372268
23584,0.245372268,23792,0.245687933
23792,0.245687933,23584,0.245372268
23584,0.245372268,23792,0.245687933
23584,0.245372268,23792,0.245687933
23792,0.245687933,23584,0.245372268
23584,0.245372268,23792,0.245687933
23584,0.245372268,23792,0.245687933
23792,0.245687933,23584,0.245372268
23792,0.245687933,23584,0.245372268
23584,0.245372268,23792,0.245687933
23584,0.245372268,23792,0.245687933
23584,0.245372268,23792,0.245687933
23584,0.245372268,23792,0.245687933
23584,0.245372268,23792,0.245687933
23584,0.245372268,23792,0.245687933
23584,0.245372268,23792,0.245687933
23584,0.245372268,23792,0.245687933
23584,0.245372268,23792,0.245687933
23584,0.245372268,23792,0.245687933
23584,0.245372268,23792,0.245687933
23584,0.245372268,23792,0.245687933
23584,0.245372268,23792,0.245687933
23584,0.245372268,23792,0.245687933
23584,0.245372268,23792,0.245687933
23584,0.245372268,23792,0.245687933
23584,0.245372268,23792,0.245687933
23584,0.245372268,23792,0.245687933
23584,0.245372268,23792,0.245687933
23584,0.245372268,23792,0.245687933
23584,0.245372268,23792,0.245687933
23584,0.245372268,23792,0.245687933
23584,0.245372268,23792,0.245687933
23584,0.245372268,23792,0.245687933
23584,0.245372268,23792,0.245687933
23584,0.245372268,23792,0.245687933
23584,0.245372268,23792,0.245687933
23584,0.245372268,23792,0.245687933
23584,0.245372268,23792,0.245687933
23584,0.245372268,23792,0.245687933
23584,0.245372268,23792,0.245687933
23584,0.245372268,23792,0.245687933
23584,0.245372268,23792,0.245687933
23584,0.245372268,23792,0.245687933
23584,0.245372268,23792,0.245687933
23584,0.245372268,23792,0.245687933
23584,0.245372268,23792,0.245687933
23792,0.245687933,23584,0.245372268
23584,0.245372268,23792,0.245687933
23584,0.245372268,23792,0.245687933
23584,0.245372268,23792,0.245687933
23584,0.245372268,23792,0.245687933
23584,0.245372268,23792,0.245687933
23584,0.245372268,23792,0.245687933
23584,0.245372268,23792,0.245687933
23584,0.245372268,23792,0.245687933
23584,0.245372268,23792,0.245687933
23584,0.245372268,23792,0.245687933
23584,0.245372268,23792,0.245687933
23584,0.245372268,23792,0.245687933
23584,0.245372268,23792,0.245687933
23584,0.245372268,23792,0.245687933
23584,0.245372268,23792,0.245687933
23584,0.245372268,23792,0.245687933
23792,0.245687933,23584,0.245372268
23584,0.245372268,23792,0.245687933
23584,0.245372268,23792,0.245687933
23584,0.245372268,23792,0.245687933
23584,0.245372268,23792,0.245687933
23584,0.245372268,23792,0.245687933
23584,0.245372268,23792,0.245687933
23584,0.245372268,23792,0.245687933
23584,0.245372268,23792,0.245687933
23584,0.245372268,23792,0.245687933
23584,0.245372268,23792,0.245687933
23584,0.245372268,23792,0.245687933
23584,0.245372268,23792,0.245687933
23584,0.245372268,23792,0.245687933
23584,0.245372268,23792,0.245687933
23584,0.245372268,23792,0.245687933
23584,0.245372268,23792,0.245687933
23584,0.245372268,23792,0.245687933
23584,0.245372268,23792,0.245687933
23584,0.245372268,23792,0.245687933
23584,0.245372268,23792,0.245687933
23584,0.245372268,23792,0.245687933
23584,0.245372268,23792,0.245687933
23584,0.245372268,23792,0.245687933
23584,0.245372268,23792,0.245687933
23584,0.245372268,23792,0.245687933
23584,0.245372268,23792,0.245687933
23584,0.245372268,23792,0.245687933
23584,0.245372268,23792,0.245687933
23584,0.245372268,23792,0.245687933
23584,0.245372268,23792,0.245687933
23584,0.245372268,23792,0.245687933
23584,0.245372268,23792,0.245687933
23584,0.245372268,23792,0.245687933
23584,0.245372268,23792,0.245687933
23584,0.245372268,23792,0.245687933
23584,0.245372268,23792,0.245687933
23584,0.245372268,23792,0.245687933
23584,0.245372268,23792,0.245687933
23584,0.245372268,23792,0.245687933
23584,0.245372268,23792,0.245687933
23584,0.245372268,23792,0.245687933
23584,0.245372268,23792,0.245687933
23584,0.245372268,23792,0.245687933
23792,0.245687933,23584,0.245372268
23584,0.245372268,23792,0.245687933
23584,0.245372268,23792,0.245687933
23584,0.245372268,23792,0.245687933
23584,0.245372268,23792,0.245687933
23584,0.245372268,23792,0.245687933
23792,0.245687933,23584,0.245372268
23584,0.245372268,23792,0.245687933
23792,0.245687933,23584,0.245372268
23584,0.245372268,23792,0.245687933
23584,0.245372268,23792,0.245687933
23584,0.245372268,23792,0.245687933
23584,0.245372268,23792,0.245687933
23584,0.245372268,23792,0.245687933
23584,0.245372268,23792,0.245687933
23584,0.245372268,23792,0.245687933
23584,0.245372268,23792,0.245687933
23584,0.245372268,23792,0.245687933
23584,0.245372268,23792,0.245687933
23584,0.245372268,23792,0.245687933
23584,0.245372268,23792,0.245687933
23584,0.245372268,23792,0.245687933
23584,0.245372268,23792,0.245687933
23584,0.245372268,23792,0.245687933
23584,0.245372268,23792,0.245687933
23584,0.245372268,23792,0.245687933
23792,0.245687933,23584,0.245372268
23584,0.245372268,23792,0.245687933
23584,0.245372268,23792,0.245687933
23584,0.245372268,23792,0.245687933
23584,0.245372268,23792,0.245687933
23584,0.245372268,23792,0.245687933
23580,0.169835344,23788,0.169015441
23580,0.169835344,23788,0.169015441
23580,0.169835344,23788,0.169015441
23580,0.169835344,23788,0.169015441
23788,0.169015441,23580,0.169835344
23580,0.169835344,23788,0.169015441
23580,0.169835344,23788,0.169015441
23580,0.169835344,23788,0.169015441
23580,0.169835344,23788,0.169015441
23580,0.169835344,23788,0.169015441
23580,0.169835344,23788,0.169015441
23580,0.169835344,23788,0.169015441
23580,0.169835344,23788,0.169015441
23580,0.169835344,23788,0.169015441
23580,0.169835344,23788,0.169015441
23580,0.169835344,23788,0.169015441
23580,0.169835344,23788,0.169015441
23580,0.169835344,23788,0.169015441
23580,0.169835344,23788,0.169015441
23580,0.169835344,23788,0.169015441
23580,0.169835344,23788,0.169015441
23580,0.169835344,23788,0.169015441
23788,0.169015441,23580,0.169835344
23580,0.169835344,23788,0.169015441
23580,0.169835344,23788,0.169015441
23580,0.169835344,23788,0.169015441
23788,0.169015441,23580,0.169835344
23580,0.169835344,23788,0.169015441
23580,0.169835344,23788,0.169015441
23580,0.169835344,23788,0.169015441
23580,0.169835344,23788,0.169015441
23580,0.169835344,23788,0.169015441
23580,0.169835344,23788,0.169015441
23580,0.169835344,23788,0.169015441
23580,0.169835344,23788,0.169015441
23580,0.169835344,23788,0.169015441
23580,0.169835344,23788,0.169015441
23788,0.169015441,23580,0.169835344
23580,0.169835344,23788,0.169015441
23788,0.169015441,23580,0.169835344
23580,0.169835344,23788,0.169015441
23580,0.169835344,23788,0.169015441
23580,0.169835344,23788,0.169015441
23580,0.169835344,23788,0.169015441
23788,0.169015441,23580,0.169835344
23580,0.169835344,23788,0.169015441
23580,0.169835344,23788,0.169015441
23580,0.169835344,23788,0.169015441
23788,0.169015441,23580,0.169835344
23580,0.169835344,23788,0.169015441
23580,0.169835344,23788,0.169015441
23580,0.169835344,23788,0.169015441
23580,0.169835344,23788,0.169015441
23580,0.169835344,23788,0.169015441
23788,0.169015441,23580,0.169835344
23580,0.169835344,23788,0.169015441
23580,0.169835344,23788,0.169015441
23580,0.169835344,23788,0.169015441
23580,0.169835344,23788,0.169015441
23580,0.169835344,23788,0.169015441
23580,0.169835344,23788,0.169015441
23580,0.169835344,23788,0.169015441
23580,0.169835344,23788,0.169015441
23580,0.169835344,23788,0.169015441
23580,0.169835344,23788,0.169015441
23788,0.169015441,23580,0.169835344
23788,0.169015441,23580,0.169835344
23580,0.169835344,23788,0.169015441
23580,0.169835344,23788,0.169015441
23788,0.169015441,23580,0.169835344
23580,0.169835344,23788,0.169015441
23580,0.169835344,23788,0.169015441
23580,0.169835344,23788,0.169015441
